1;FINANCIACION BASICA;FINANCIACION BASICA;1
10;CAPITAL;CAPITAL;2
100;CAPITAL SOCIAL;CAPITAL SOCIAL;3
101;FONDO SOCIAL;FONDO SOCIAL;3
1010;FONDO SOCIAL;FONDO SOCIAL;4
102;CAPITAL;CAPITAL;3
1020;CAPITAL;CAPITAL;4
103;SOCIOS POR DESEMBOLSOS NO EXIG;SOCIOS POR DESEMBOLSOS NO EXIGIDOS;3
1033;SOCIOS DESEMBOLSOS NO EXIGIDOS;SOCIOS DESEMBOLSOS NO EXIGIDOS, CAPITAL SOCIAL;4
1034;SOCIOS DESEMB.NO EXIG. CAPITAL;SOCIOS DESEMB.NO EXIG. CAPITAL PEND INSCRIPCION;4
104;SOCIOS POR APORTACIONES NO DIN;SOCIOS POR APORTACIONES NO DINERIAS PEND.;3
1040;SOCIOS APORT. NO DINERIAS PEND;SOCIOS APORT. NO DINERIAS PEND. CAPITAL SOCIAL;4
1044;SOCIOS APORT. NO DINERIAS, CAP;SOCIOS APORT. NO DINERIAS, CAPITAL PEND INSCRIP.;4
108;ACC. O PARTICIP. PROP. EN SITU;ACC. O PARTICIP. PROP. EN SITUAC. ESPECIALES;3
109;ACCES.PROPIAS RED.CAPITAL;ACCES.PROPIAS RED.CAPITAL;3
11;RESERVAS Y OTROS INTRUMENTOS D;RESERVAS Y OTROS INTRUMENTOS DE PATRIMONIO;2
110;PRIMA EMISION O ASUNCION;PRIMA EMISION O ASUNCION;3
1100;PRIMA EMISION O ASUNCION;PRIMA EMISION O ASUNCION;4
111;OTROS INSTRUMENTOS DE PATRIMON;OTROS INSTRUMENTOS DE PATRIMONIO NETO;3
1110;PATRIM.NETO X EMISION INSTRUME;PATRIM.NETO X EMISION INSTRUMENTOS FINANC COMP.;4
1111;RESTO DE INSTRUMENTOS DE PATRI;RESTO DE INSTRUMENTOS DE PATRIMONIO NETO;4
112;RESERVA LEGAL;RESERVA LEGAL;3
1120;RESERVA LEGAL;RESERVA LEGAL;4
113;RESERVAS VOLUNTARIAS;RESERVAS VOLUNTARIAS;3
1130;RESERVAS VOLUNTARIAS;RESERVAS VOLUNTARIAS;4
114;RESERVAS ESPECIALES;RESERVAS ESPECIALES;3
1140;RESERVAS PARA ACCIONES O PARTI;RESERVAS PARA ACCIONES O PARTIC.SDAD.DOMINAN;4
1141;RESERVAS ESTATUTARIAS;RESERVAS ESTATUTARIAS;4
1142;RESERVA POR CAPITAL AMORTIZADO;RESERVA POR CAPITAL AMORTIZADO;4
1143;RESERVA POR FONDO DE COMERCIO;RESERVA POR FONDO DE COMERCIO;4
1144;RESERVA POR ACC. PROPIAS ACEPT;RESERVA POR ACC. PROPIAS ACEPTADAS EN GARANTIA;4
115;RESERVAS X PERD&GANANCIAS ACTU;RESERVAS X PERD&GANANCIAS ACTUARIALES Y OT.AJUSTES;3
118;APORTACIONES DE SOCIOS O PROPI;APORTACIONES DE SOCIOS O PROPIETARIOS;3
119;DIFERENCIAS POR AJUSTE CAPITAL;DIFERENCIAS POR AJUSTE CAPITAL A EUROS;3
12;RTDOS.PDTES.DE APLICACION;RTDOS.PDTES.DE APLICACION;2
120;REMANENTE;REMANENTE;3
1200;REMANENTE;REMANENTE;4
121;RESULTADOS NEGATIVOS EJER.ANTE;RESULTADOS NEGATIVOS EJER.ANTERIORES;3
1210;RESULTADOS NEGATIVOS EJER.ANTE;RESULTADOS NEGATIVOS EJER.ANTERIORES;4
129;RESULTADOS DEL EJERCICIO;RESULTADOS DEL EJERCICIO;3
1290;RESULTADOS DEL EJERCICIO;RESULTADOS DEL EJERCICIO;4
12900000;RESULTADOS DEL EJERCICIO;RESULTADOS DEL EJERCICIO;0
13;SUBVENCIONES, DONAC.Y AJUST. X;SUBVENCIONES, DONAC.Y AJUST. X CAMBIO VALOR;2
130;SUBVENCION OFICIALES DE CAPITA;SUBVENCION OFICIALES DE CAPITAL;3
131;DONACIONES Y LEGADOS DE CAPITA;DONACIONES Y LEGADOS DE CAPITAL;3
132;OTRAS SUBVENCIONES, DONACIONES;OTRAS SUBVENCIONES, DONACIONES Y LEGADOS;3
133;AJUST.VALORIZ EN ACTIV FINANC;AJUST.VALORIZ EN ACTIV FINANC DISP. PARA LA VENTA;3
1330;AJUST.VALORIZ EN ACTIV FINANC;AJUST.VALORIZ EN ACTIV FINANC DISP. PARA LA VENTA;4
1331;AJUST.VALORIZ EN PASIV FINANC;AJUST.VALORIZ EN PASIV FINANC CON CAMB. EN EL NETO;4
134;OPERACIONES DE COBERTURA;OPERACIONES DE COBERTURA;3
1340;COBERTURA DE FLUJOS DE EFECTIV;COBERTURA DE FLUJOS DE EFECTIVO;4
1341;COBERT. DE UNA INVERSION NETA;COBERT. DE UNA INVERSION NETA EN NEGOC. EXTRANJ.;4
135;DIFERENCIAS DE CONVERSION;DIFERENCIAS DE CONVERSION;3
136;AJUST.X VALORIZ. ACT.NO CORRIE;AJUST.X VALORIZ. ACT.NO CORRIEN.&G.ENAJ.PARA VENTA;3
137;INGRESOS FISCALES A DISTRIBUIR;INGRESOS FISCALES A DISTRIBUIR EN VARIOS EJERC.;3
1370;ING.FISCALES POR DIFERENCIAS P;ING.FISCALES POR DIFERENCIAS PERMANENTES;4
1371;ING.FISCALES POR DEDUCCIONES O;ING.FISCALES POR DEDUCCIONES O BONIFICACIONES;4
14;PROVISIONES;PROVISIONES;2
140;PROV. RETRIBUCIONES L/P AL PER;PROV. RETRIBUCIONES L/P AL PERSONAL;3
1400;PROV. RETRIBUCIONES L/P AL PER;PROV. RETRIBUCIONES L/P AL PERSONAL;4
141;PROVISION PARA IMPUESTOS;PROVISION PARA IMPUESTOS;3
1410;PROVISION PARA IMPUESTOS;PROVISION PARA IMPUESTOS;4
142;PROVISION PARA OTRAS RESPONSAB;PROVISION PARA OTRAS RESPONSABILIDADES;3
1420;PROVISION PARA OTRAS RESPONSAB;PROVISION PARA OTRAS RESPONSABILIDADES;4
143;POR DESMANT, RETIRO O REHABILI;POR DESMANT, RETIRO O REHABILITACION DE INMOVILIZ.;3
1430;POR DESMANT, RETIRO O REHABILI;POR DESMANT, RETIRO O REHABILITACION DE INMOVILIZ.;4
145;PROV. ACTUACIONES MEDIOAMBIENT;PROV. ACTUACIONES MEDIOAMBIENTALES;3
146;PROV. PARA REESTRUCTURACIONES;PROV. PARA REESTRUCTURACIONES;3
147;TRANSACC. CON PAGOS BAS. EN IN;TRANSACC. CON PAGOS BAS. EN INSTRUM.DE PATRIMONIO;3
15;DEUDAS L/P CON CARACTERISTICAS;DEUDAS L/P CON CARACTERISTICAS ESPECIALES;2
150;ACC. O PARTIC. L/P CONSID. COM;ACC. O PARTIC. L/P CONSID. COMO PASIVOS FINANC.;3
153;DESEMB.NO EXIG.X ACC.O PART. C;DESEMB.NO EXIG.X ACC.O PART. CONSID. COMO PASIVO;3
1533;DESEMB.NO EXIGIDOS EMP. DEL GR;DESEMB.NO EXIGIDOS EMP. DEL GRUPO;4
1534;DESEMB.NO EXIG. EMP. ASOCIADAS;DESEMB.NO EXIG. EMP. ASOCIADAS;4
1535;DESEMB.NO EXIG. OTRAS PARTES V;DESEMB.NO EXIG. OTRAS PARTES VINCULANTES;4
1536;OTROS DESEMBOLSOS NO EXIGIDOS;OTROS DESEMBOLSOS NO EXIGIDOS;4
154;APORT.NO DINER. PEND.POR ACC.O;APORT.NO DINER. PEND.POR ACC.O PART.CONSID.PASIVO;3
1543;APORT. NO DINERARIAS PEND.EMP;APORT. NO DINERARIAS PEND.EMP DEL GRUPO;4
1544;APORT. NO DINERARIAS PEND.EMP;APORT. NO DINERARIAS PEND.EMP ASOCIADAS;4
1545;APORT. NO DINERARIAS PEND. OTR;APORT. NO DINERARIAS PEND. OTR. PARTES VINCUL.;4
1546;OTR. APORT. NO DINERARIAS PEND;OTR. APORT. NO DINERARIAS PEND.;4
16;DEUDAS L/P CON PARTES VINCULAD;DEUDAS L/P CON PARTES VINCULADAS;2
160;DEUDAS L/P CON ENTIDADES CREDI;DEUDAS L/P CON ENTIDADES CREDITO VINC.;3
1603;DEUDAS L/P ENT.CDTO.GRUPO;DEUDAS L/P ENT.CDTO.GRUPO;4
1604;DEUDAS L/P ENT.CDTO.ASOCIADAS;DEUDAS L/P ENT.CDTO.ASOCIADAS;4
1605;DEUDAS L.P. OTRAS ENT.CDTO. VI;DEUDAS L.P. OTRAS ENT.CDTO. VINCULADAS;4
161;PROVEEDORES INMOV. L/P, PARTES;PROVEEDORES INMOV. L/P, PARTES VINCULADAS;3
1613;PROVEEDOR INMOV. L/P EMP.GRUPO;PROVEEDOR INMOV. L/P EMP.GRUPO;4
1614;PROVEEDOR INMOV. L/P EMP.ASOCI;PROVEEDOR INMOV. L/P EMP.ASOCIADAS;4
1615;PROVEEDOR INMOV. L/P OTR. PART;PROVEEDOR INMOV. L/P OTR. PARTES VINCULADAS;4
162;ACREEDORES POR ARREND. FINANC.;ACREEDORES POR ARREND. FINANC. L/P,PARTES VINCUL.;3
1623;ACREEDORES POR ARREND. FINANC.;ACREEDORES POR ARREND. FINANC. L/P,EMP.GRUPO;4
1624;ACREEDORES POR ARREND. FINANC.;ACREEDORES POR ARREND. FINANC. L/P,EMP.ASOCIADAS;4
1625;ACREEDORES POR ARREND. FINANC.;ACREEDORES POR ARREND. FINANC.L/P,OT.PARTE VINC.;4
163;OTR. DEUDAS L/P CON PARTES VIN;OTR. DEUDAS L/P CON PARTES VINCULADAS;3
1633;OTR. DEUDAS L/P EMPRESAS DEL G;OTR. DEUDAS L/P EMPRESAS DEL GRUPO;4
1634;OTR. DEUDAS L/P EMPRESAS ASOCI;OTR. DEUDAS L/P EMPRESAS ASOCIADAS;4
1635;OTR. DEUDAS L/P CON OTRAS PART;OTR. DEUDAS L/P CON OTRAS PARTES VINCULADAS;4
17;DEUDAS L/P PRESTAMOS, EMPRESTI;DEUDAS L/P PRESTAMOS, EMPRESTITOS Y OTROS;2
170;DEUDA L/P CON ENT.DE CRDTO;DEUDA L/P CON ENT.DE CRDTO;3
171;DEUDAS A LARGO PLAZO;DEUDAS A LARGO PLAZO;3
1710;DEUDAS A LARGO PLAZO;DEUDAS A LARGO PLAZO;4
172;DEUDAS L/P TRANSF.SUBVENC., DO;DEUDAS L/P TRANSF.SUBVENC., DONACIONES Y LEGADOS;3
1720;DEUDAS L/P TRANSF.SUBVENC., DO;DEUDAS L/P TRANSF.SUBVENC., DONACIONES Y LEGADOS;4
173;PROVEEDORES DE INMOV.L/P;PROVEEDORES DE INMOV.L/P;3
1730;PROVEEDORES DE INMOV.L/P;PROVEEDORES DE INMOV.L/P;4
174;ACREEDORES POR ARRENDAMIENTO F;ACREEDORES POR ARRENDAMIENTO FINANCIERO L/P;3
175;EFECTOS A PAGAR A L/P;EFECTOS A PAGAR A L/P;3
1750;EFECTOS A PAGAR A L/P;EFECTOS A PAGAR A L/P;4
176;PASIVOS POR DERIVAD. FINANC. L;PASIVOS POR DERIVAD. FINANC. L/P;3
1765;PASIVOS POR DERIVAD. FINANC.L/;PASIVOS POR DERIVAD. FINANC.L/P CART. NEGOCIACION;4
1768;PASIVOS POR DERIVAD.FINANC.L/P;PASIVOS POR DERIVAD.FINANC.L/P INSTRUM. COBERTURA;4
177;OBLIGACIONES Y BONOS;OBLIGACIONES Y BONOS;3
1770;OBLIGACIONES Y BONOS;OBLIGACIONES Y BONOS;4
178;OBLIGA.BONOS CONVERTIBLES;OBLIGA.BONOS CONVERTIBLES;3
1780;OBLIGA.BONOS CONVERTIBLES;OBLIGA.BONOS CONVERTIBLES;4
179;DEUDAS REPRESENTADAS EN OTROS;DEUDAS REPRESENTADAS EN OTROS VAL.NEGOCIABLES;3
1790;DEUDAS REPRESENTADAS EN OTROS;DEUDAS REPRESENTADAS EN OTROS VAL.NEGOCIABLES;4
18;PASIVOS POR FIANZAS Y GARANTIA;PASIVOS POR FIANZAS Y GARANTIAS L/P;2
180;FIANZAS RECIBIDAS A L/P;FIANZAS RECIBIDAS A L/P;3
1800;FIANZAS RECIBIDAS A L/P;FIANZAS RECIBIDAS A L/P;4
181;ANTICIPOS RECIBIDOS POR VENTAS;ANTICIPOS RECIBIDOS POR VENTAS O PREST. SERV. L/P;3
185;DEPOSITOS RECIBIDOS A L/P;DEPOSITOS RECIBIDOS A L/P;3
1850;DEPOSITOS RECIBIDOS A L/P;DEPOSITOS RECIBIDOS A L/P;4
189;GARANTIAS FINANCIERAS L/P;GARANTIAS FINANCIERAS L/P;3
19;SITUACIONES TRANSITORIAS DE FI;SITUACIONES TRANSITORIAS DE FINANCIACION;2
190;ACCIONES O PARTICIPACIONES EMI;ACCIONES O PARTICIPACIONES EMITIDAS;3
192;SUSCRIPTORES DE ACCIONES;SUSCRIPTORES DE ACCIONES;3
194;CAPITAL EMITIDO PENDIENTE DE I;CAPITAL EMITIDO PENDIENTE DE INSCRIPCION;3
195;ACCIONES O PARTIC. EMITIDAS CO;ACCIONES O PARTIC. EMITIDAS COMO PASIVO FINANC.;3
197;SUSCRIPTORES ACCIONES CONSID.;SUSCRIPTORES ACCIONES CONSID. COMO PASIVO FINANC.;3
199;ACC.O PARTIC.EMIT. COMO PASIVO;ACC.O PARTIC.EMIT. COMO PASIVO FINANC.PEND.INSCRIP;3
2;ACTIVO NO CORRIENTE;ACTIVO NO CORRIENTE;1
20;INMOVILIZACIONES INTANGIBLES;INMOVILIZACIONES INTANGIBLES;2
200;GASTOS INVESTIGACION;GASTOS INVESTIGACION;3
201;DESARROLLO;DESARROLLO;3
202;CONCESIONES ADMINISTRATIVAS;CONCESIONES ADMINISTRATIVAS;3
2020;CONCESIONES ADMINISTRATIVAS;CONCESIONES ADMINISTRATIVAS;4
203;PROPIEDAD INDUSTRIAL;PROPIEDAD INDUSTRIAL;3
2030;PROPIEDAD INDUSTRIAL;PROPIEDAD INDUSTRIAL;4
204;FONDO DE COMERCIO;FONDO DE COMERCIO;3
2040;FONDO DE COMERCIO;FONDO DE COMERCIO;4
205;DERECHOS DE TRASPASO;DERECHOS DE TRASPASO;3
2050;DERECHOS DE TRASPASO;DERECHOS DE TRASPASO;4
206;APLICACIONES INFORMATICAS;APLICACIONES INFORMATICAS;3
2060;APLICACIONES INFORMATICAS;APLICACIONES INFORMATICAS;4
209;ANTICIPO INMOV.INTANGIBLE;ANTICIPO INMOV.INTANGIBLE;3
2090;ANTICIPO INMOV.INTANGIBLE;ANTICIPO INMOV.INTANGIBLE;4
21;INMOVILIZACIONES MATERIALES;INMOVILIZACIONES MATERIALES;2
210;TERRENOS Y BIENES NATURAL;TERRENOS Y BIENES NATURAL;3
2100;TERRENOS Y BIENES NATURAL;TERRENOS Y BIENES NATURAL;4
21000000;TERRENOS Y BIENES NATURAL;TERRENOS Y BIENES NATURAL;0
211;CONSTRUCCIONES;CONSTRUCCIONES;3
2110;CONSTRUCCIONES;CONSTRUCCIONES;4
21100001;NAVES FACTORIA;NAVES FACTORIA;0
212;INSTALACIONES TECNICAS;INSTALACIONES TECNICAS;3
2120;INSTALACIONES TECNICAS;INSTALACIONES TECNICAS;4
213;MAQUINARIA;MAQUINARIA;3
2130;MAQUINARIA;MAQUINARIA;4
21300001;MAQUINA Nº,1;MAQUINA Nº,1;0
214;UTILLAJE;UTILLAJE;3
2140;UTILLAJE;UTILLAJE;4
215;OTRAS INSTALACIONES;OTRAS INSTALACIONES;3
2150;OTRAS INSTALACIONES;OTRAS INSTALACIONES;4
216;MOBILIARIO;MOBILIARIO;3
2160;MOBILIARIO;MOBILIARIO;4
217;EQUIPOS PROCESO INFORMACION;EQUIPOS PROCESO INFORMACION;3
2170;EQUIPOS PROCESO INFORMACION;EQUIPOS PROCESO INFORMACION;4
21700001;ORDENADOR XXX.MOD.AAA;ORDENADOR XXX.MOD.AAA;0
218;ELEMENTOS DE TRANSPORTE;ELEMENTOS DE TRANSPORTE;3
2180;ELEMENTOS DE TRANSPORTE;ELEMENTOS DE TRANSPORTE;4
21800001;VEHICULO N.1;VEHICULO N.1;0
219;OTRO INMOVILIZADO MATERIAL;OTRO INMOVILIZADO MATERIAL;3
2190;OTRO INMOVILIZADO MATERIAL;OTRO INMOVILIZADO MATERIAL;4
22;INVERSIONES INMOBILIARIAS;INVERSIONES INMOBILIARIAS;2
220;INVERSIONES EN TERRENOS Y BIEN;INVERSIONES EN TERRENOS Y BIENES NATURALES;3
221;INVERSIONES EN CONSTRUCCIONES;INVERSIONES EN CONSTRUCCIONES;3
23;INMOVILIZACIONES MATERIALES EN;INMOVILIZACIONES MATERIALES EN CURSO;2
230;ADAPTACION TERRENOS Y BIENES N;ADAPTACION TERRENOS Y BIENES NATURALES;3
2300;ADAPTACION TERRENOS Y BIENES N;ADAPTACION TERRENOS Y BIENES NATURALES;4
231;CONSTRUCCIONES EN CURSO;CONSTRUCCIONES EN CURSO;3
2310;CONSTRUCCIONES EN CURSO;CONSTRUCCIONES EN CURSO;4
232;INSTALACIONES TECNICAS EN MONT;INSTALACIONES TECNICAS EN MONTAJE;3
2320;INSTALACIONES TECNICAS EN MONT;INSTALACIONES TECNICAS EN MONTAJE;4
233;MAQUINARIA EN MONTAJE;MAQUINARIA EN MONTAJE;3
2330;MAQUINARIA EN MONTAJE;MAQUINARIA EN MONTAJE;4
237;EQUIPOS PROCESOS INFORMACION E;EQUIPOS PROCESOS INFORMACION EN MONTAJE;3
2370;ORDENADORES EN MONTAJE;ORDENADORES EN MONTAJE;4
239;ANTCIPOS PARA INMOVILIZACIONES;ANTCIPOS PARA INMOVILIZACIONES MATERIALES;3
2390;ANTCIPOS PARA INMOVILIZACIONES;ANTCIPOS PARA INMOVILIZACIONES MATERIALES;4
24;INVERSIONES FINANCIERAS L/P EN;INVERSIONES FINANCIERAS L/P EN PARTES VINCULAS;2
240;PARTICIPACIONES L/P EN PARTES;PARTICIPACIONES L/P EN PARTES VINCULADAS;3
2403;PARTICIPACIONES L/P EMPRESAS G;PARTICIPACIONES L/P EMPRESAS GRUPO;4
2404;PARTICIPACIONES L/P EMPRESAS A;PARTICIPACIONES L/P EMPRESAS ASOCIADAS;4
2405;PARTICIPACIONES L/P EN OTRAS P;PARTICIPACIONES L/P EN OTRAS PARTES VINCULADAS;4
241;VALORES REPRES. DEUDA L/P PART;VALORES REPRES. DEUDA L/P PARTES VINCULADAS;3
2413;VALORES REPRES. DEUDA L/P EMP.;VALORES REPRES. DEUDA L/P EMP. GRUPO;4
2414;VALORES REPRES. DEUDA L/P EMP.;VALORES REPRES. DEUDA L/P EMP. ASOCIADAS;4
2415;VALORES REPRES. DEUDA L/P OTRA;VALORES REPRES. DEUDA L/P OTRAS PARTES VINC.;4
242;CREDITO L/P A PARTES VINCULADA;CREDITO L/P A PARTES VINCULADAS;3
2423;CREDITO L/P A EMPR.GRUPO;CREDITO L/P A EMPR.GRUPO;4
2424;CREDITO L/P A EMP.ASOCIADAS;CREDITO L/P A EMP.ASOCIADAS;4
2425;CREDITO L/P OTRAS PARTES VINCU;CREDITO L/P OTRAS PARTES VINCULADAS;4
249;DESEMBOLSOS PEND. PARTC. L/P P;DESEMBOLSOS PEND. PARTC. L/P PARTES VINC.;3
2493;DESEMBOLSOS PEND. PARTC. L/P E;DESEMBOLSOS PEND. PARTC. L/P EMP.GRUPO;4
2494;DESEMBOLSOS PEND. PARTC. L/P E;DESEMBOLSOS PEND. PARTC. L/P EMP.ASOCIADAS;4
2495;DESEMBOLSOS PEND.PARTC. L/P OT;DESEMBOLSOS PEND.PARTC. L/P OTR. PARTES VINCULADAS;4
25;OTRAS INVERSIONES FINANCIERAS;OTRAS INVERSIONES FINANCIERAS L/P;2
250;INVERSIONES FINANC. L/P EN INS;INVERSIONES FINANC. L/P EN INSTRUM. PATRIMONIO;3
251;VALORES REPRESENTATIVOS DE DEU;VALORES REPRESENTATIVOS DE DEUDA L/P;3
2510;VALORES REPRESENTATIVOS DE DEU;VALORES REPRESENTATIVOS DE DEUDA L/P;4
252;CREDITOS A LARGO PLAZO;CREDITOS A LARGO PLAZO;3
2520;CREDITOS A LARGO PLAZO;CREDITOS A LARGO PLAZO;4
253;CREDITOS L/P VENTA INMOVILIZAD;CREDITOS L/P VENTA INMOVILIZADO;3
2530;CREDITOS L/P VENTA INMOVILIZAD;CREDITOS L/P VENTA INMOVILIZADO;4
254;CREDITOS L/P AL PERSONAL;CREDITOS L/P AL PERSONAL;3
2540;CREDITOS L/P AL PERSONAL;CREDITOS L/P AL PERSONAL;4
255;ACTIVOS POR DERIVADOS FINANCIE;ACTIVOS POR DERIVADOS FINANCIEROS L/P;3
2550;CARTERA DE NEGOCIACION;CARTERA DE NEGOCIACION;4
2553;INSTRUMENTOS DE COBERTURA;INSTRUMENTOS DE COBERTURA;4
257;Dº REEMB.CONTRATOS SEG. RETRIB;Dº REEMB.CONTRATOS SEG. RETRIBUC. L/P AL PERSONAL;3
2570;Dº REEMB.CONTRATOS SEG. RETRIB;Dº REEMB.CONTRATOS SEG. RETRIBUC. L/P AL PERSONAL;4
258;IMPOSICIONES L/P;IMPOSICIONES L/P;3
2580;IMPOSICIONES L/P;IMPOSICIONES L/P;4
259;DESEM. PEND.PARTI.EN PATRIMONI;DESEM. PEND.PARTI.EN PATRIMONIO NETO L/P;3
2590;DESEM. PEND.PARTI.EN PATRIMONI;DESEM. PEND.PARTI.EN PATRIMONIO NETO L/P;4
26;FIANZAS Y DEPOSITOS CONSTITUID;FIANZAS Y DEPOSITOS CONSTITUIDOS A L/P;2
260;FIANZAS CONSTITUIDAS L/P;FIANZAS CONSTITUIDAS L/P;3
2600;FIANZAS CONSTITUIDAS L/P;FIANZAS CONSTITUIDAS L/P;4
265;DEPOSITOS CONSTITUIDOS L/P;DEPOSITOS CONSTITUIDOS L/P;3
2650;DEPOSITOS CONSTITUIDOS L/P;DEPOSITOS CONSTITUIDOS L/P;4
28;AMORTIZACION ACUMULADA INMOVIL;AMORTIZACION ACUMULADA INMOVILIZADO;2
280;AMORT.ACUMULADA INMOV.INTANGIB;AMORT.ACUMULADA INMOV.INTANGIBLE;3
2800;AMORT.ACUMULADA DE INVEST;AMORT.ACUMULADA DE INVESTIGACION;4
28000000;AMORT.ACUMULADA DE INVEST;AMORT.ACUMULADA DE INVEST;0
2801;AMORT.ACUMULADA DE DESARROLLO;AMORT.ACUMULADA DE DESARROLLO;4
2802;AMORT.ACUM.CONCESIONES ADMINIS;AMORT.ACUM.CONCESIONES ADMINISTRATIVAS;4
2803;AMORT.ACUM.PROPIEDAD INDUSTRIA;AMORT.ACUM.PROPIEDAD INDUSTRIAL;4
2805;AMORT. ACUM.DERECHOS DE TRASPA;AMORT. ACUM.DERECHOS DE TRASPASO;4
2806;AMORT. ACUM.APLICACIONES INFOR;AMORT. ACUM.APLICACIONES INFORMATICAS;4
281;AMORT. ACUMULADA INMOVILIZADO;AMORT. ACUMULADA INMOVILIZADO MATERIAL;3
2811;AMORT. ACUMULADA CONSTRUC;AMORT. ACUMULADA CONSTRUCCIONES;4
28110000;AMORT. ACUMULADA CONSTRUC;AMORT. ACUMULADA CONSTRUC;0
2812;AMORT. ACUMULADA INSTALACIONES;AMORT. ACUMULADA INSTALACIONES TECNICAS;4
2813;AMORT. ACUMULADA MAQUINARIA;AMORT. ACUMULADA MAQUINARIA;4
2814;AMORT. ACUMULADA UTILLAJE;AMORT. ACUMULADA UTILLAJE;4
2815;AMORT. ACUMULADA OTRAS INSTAL.;AMORT. ACUMULADA OTRAS INSTAL.;4
2816;AMORT. ACUMULADA MOBILIARIO;AMORT. ACUMULADA MOBILIARIO;4
2817;AMORT. ACUMULADA EQUIPOS PROCE;AMORT. ACUMULADA EQUIPOS PROCESOS INFORM.;4
2818;AMORT. ACUMULADA ELEM.TRANSPOR;AMORT. ACUMULADA ELEM.TRANSPORTE;4
2819;AMORT. ACUMULADA OTRO INMOVILI;AMORT. ACUMULADA OTRO INMOVILIZADO MATERIAL;4
282;AMORT.ACUMULADA INVERSIONES IN;AMORT.ACUMULADA INVERSIONES INMOBILIARIAS;3
29;DETERIORO VALOR ACTIVOS NO COR;DETERIORO VALOR ACTIVOS NO CORRIENTES;2
290;DETERIORO VALOR INMOV.INTANGIB;DETERIORO VALOR INMOV.INTANGIBLE;3
2900;DETERIORO GTOS.INVESTIGACION;DETERIORO GTOS.INVESTIGACION;4
2901;DETERIORO DEL VALOR DE DESARRO;DETERIORO DEL VALOR DE DESARROLLO;4
2902;DETERIORO CONCESIONES ADMINIST;DETERIORO CONCESIONES ADMINISTRATIVAS;4
2903;DETERIORO PROPIEDAD INDUSTRIAL;DETERIORO PROPIEDAD INDUSTRIAL;4
2905;DETERIORO Dº TRASPASO;DETERIORO Dº TRASPASO;4
2906;DETERIORO APLICACIONES INFORMA;DETERIORO APLICACIONES INFORMATICAS;4
291;DETERIORO DEL VALOR INMOVILIZA;DETERIORO DEL VALOR INMOVILIZADO MATERIAL;3
2910;DETER. VALOR TERRENOS Y BIENES;DETER. VALOR TERRENOS Y BIENES NATURALES;4
2911;DETERIORO VALOR DE CONSTRUCCIO;DETERIORO VALOR DE CONSTRUCCIONES;4
2912;DETERIORO INSTALACIONES TECNIC;DETERIORO INSTALACIONES TECNICAS;4
2913;DETERIORO VALOR MAQUINARIA;DETERIORO VALOR MAQUINARIA;4
2914;DETERIORO VALOR UTILLAJE;DETERIORO VALOR UTILLAJE;4
2915;DETERIORO VALOR OTRAS INSTAL.T;DETERIORO VALOR OTRAS INSTAL.TECNICAS;4
2916;DETERIORO VALOR MOBILIARIO;DETERIORO VALOR MOBILIARIO;4
2917;DETERIORO VALOR EQUIPOS PROCES;DETERIORO VALOR EQUIPOS PROCESOS INFORMACION;4
2918;DETERIORO VALOR ELEM.TRANSPORT;DETERIORO VALOR ELEM.TRANSPORTE;4
2919;DETER. VALOR OTRO INMOVILIZADO;DETER. VALOR OTRO INMOVILIZADO MATERIAL;4
292;DETERIORO VALOR INVERSIONES IN;DETERIORO VALOR INVERSIONES INMOBILIARIAS;3
2920;DETERIORO VALOR TERRENOS Y BIE;DETERIORO VALOR TERRENOS Y BIENES NATURALES;4
2921;DETERIORO VALOR CONSTRUCCIONES;DETERIORO VALOR CONSTRUCCIONES;4
293;DET. VALOR PARTICIPACIONES L/P;DET. VALOR PARTICIPACIONES L/P PARTES VINCULADAS;3
2933;DET. VALOR PARTICIPACIONES L/P;DET. VALOR PARTICIPACIONES L/P EMP.GRUP.;4
2934;DET. VALOR PARTICIPACIONES L/P;DET. VALOR PARTICIPACIONES L/P EMP.ASOC.;4
2935;DET.PARTIC.OTR.PART VINC;DET.PARTIC.OTR.PART VINC;4
294;DET.VALORES DEUDA L/P PARTES V;DET.VALORES DEUDA L/P PARTES VINCULADAS;3
2943;DET.VALORES DEUDA L/P EMP. GRU;DET.VALORES DEUDA L/P EMP. GRUPO;4
2944;DET.VALORES DEUDA L/P EMP ASOC;DET.VALORES DEUDA L/P EMP ASOC;4
2945;DET.VALORES DEUDA L/P OTRAS PA;DET.VALORES DEUDA L/P OTRAS PARTES VINCULADAS;4
295;DETERIORO VALOR CDTO. L/P PART;DETERIORO VALOR CDTO. L/P PARTES VINCULADAS;3
2953;DETERIORO CDTO. L/P EMP. GRUPO;DETERIORO CDTO. L/P EMP. GRUPO;4
2954;DETERIORO VALOR CDTO. L/P EMP.;DETERIORO VALOR CDTO. L/P EMP. ASOCIADAS;4
2955;DETERIORO VALOR CDTO. L/P OTR.;DETERIORO VALOR CDTO. L/P OTR.PART.VINC.;4
297;DET.VALOR VALORES DE DEUDA L/P;DET.VALOR VALORES DE DEUDA L/P;3
2970;DET.VALOR VALORES DE DEUDA L/P;DET.VALOR VALORES DE DEUDA L/P;4
298;DETERIORO VALOR CREDITOS L/P;DETERIORO VALOR CREDITOS L/P;3
2980;DETERIORO VALOR CREDITOS L/P;DETERIORO VALOR CREDITOS L/P;4
3;EXISTENCIAS;EXISTENCIAS;1
30;EXISTENCIAS COMERCIALES;EXISTENCIAS COMERCIALES;2
300;MERCADERIAS A;MERCADERIAS A;3
3000;MERCADERIAS A;MERCADERIAS A;4
30000001;MERCADERIA X;MERCADERIA X;0
301;MERCADERIAS B;MERCADERIAS B;3
3010;MERCADERIAS B;MERCADERIAS B;4
31;MATERIAS PRIMAS;MATERIAS PRIMAS;2
310;MATERIAS PRIMAS A;MATERIAS PRIMAS A;3
3100;MATERIAS PRIMAS A;MATERIAS PRIMAS A;4
31000001;MATERIA PRIMA X;MATERIA PRIMA X;0
311;MATERIAS PRIMAS B;MATERIAS PRIMAS B;3
3110;MATERIAS PRIMAS B;MATERIAS PRIMAS B;4
32;OTROS APROVISIONAMIENTOS;OTROS APROVISIONAMIENTOS;2
320;ELEMENTOS INCORPORABLES;ELEMENTOS INCORPORABLES;3
3200;ELEMENTOS INCORPORABLES;ELEMENTOS INCORPORABLES;4
321;COMBUSTIBLES;COMBUSTIBLES;3
3210;COMBUSTIBLES;COMBUSTIBLES;4
322;REPUESTOS;REPUESTOS;3
3220;REPUESTOS;REPUESTOS;4
325;MATERIALES DIVERSOS;MATERIALES DIVERSOS;3
3250;MATERIALES DIVERSOS;MATERIALES DIVERSOS;4
326;EMBALAJES;EMBALAJES;3
3260;EMBALAJES;EMBALAJES;4
327;ENVASES;ENVASES;3
3270;ENVASES;ENVASES;4
328;MATERIAL DE OFICINA;MATERIAL DE OFICINA;3
3280;MATERIAL DE OFICINA;MATERIAL DE OFICINA;4
33;PRODUCTOS EN CURSO;PRODUCTOS EN CURSO;2
330;PRODUCTOS EN CURSO A;PRODUCTOS EN CURSO A;3
3300;PRODUCTOS EN CURSO A;PRODUCTOS EN CURSO A;4
331;PRODUCTOS EN CURSO B;PRODUCTOS EN CURSO B;3
3310;PRODUCTOS EN CURSO B;PRODUCTOS EN CURSO B;4
34;PRODUCTOS SEMITERMINADOS;PRODUCTOS SEMITERMINADOS;2
340;PROD.SEMITERM.A;PROD.SEMITERM.A;3
3400;PROD.SEMITERM.A;PROD.SEMITERM.A;4
341;PROD.SEMITER.B;PROD.SEMITER.B;3
3410;PROD.SEMITER.B;PROD.SEMITER.B;4
35;PRODUCTOS TERMINADOS;PRODUCTOS TERMINADOS;2
350;PRODUCTOS TERMINADOS A;PRODUCTOS TERMINADOS A;3
3500;PRODUCTOS TERMINADOS A;PRODUCTOS TERMINADOS A;4
35000001;PRODUCTO TERMINADO X;PRODUCTO TERMINADO X;0
351;PRODUCTOS TERMINADOS B;PRODUCTOS TERMINADOS B;3
3510;PRODUCTOS TERMINADOS B;PRODUCTOS TERMINADOS B;4
36;SUBPRODUCTOS, RESIDUOS, Y MAT.;SUBPRODUCTOS, RESIDUOS, Y MAT.RECUPERADOS;2
360;SUBPRODUCTOS A;SUBPRODUCTOS A;3
3600;SUBPRODUCTOS A;SUBPRODUCTOS A;4
361;SUBPRODUCTOS B;SUBPRODUCTOS B;3
3610;SUBPRODUCTOS B;SUBPRODUCTOS B;4
365;RESIDUOS A;RESIDUOS A;3
3650;RESIDUOS A;RESIDUOS A;4
366;RESIDUOS B;RESIDUOS B;3
3660;RESIDUOS B;RESIDUOS B;4
368;MATERIALES RECUPERADOS A;MATERIALES RECUPERADOS A;3
3680;MATERIALES RECUPERADOS A;MATERIALES RECUPERADOS A;4
369;MATERIALES RECUPERADOS B;MATERIALES RECUPERADOS B;3
3690;MATERIALES RECUPERADOS B;MATERIALES RECUPERADOS B;4
39;DETERIORO VALOR EXISTENCIAS;DETERIORO VALOR EXISTENCIAS;2
390;DETERIORO MERCADERIAS;DETERIORO MERCADERIAS;3
3900;DETERIORO MERCADERIAS;DETERIORO MERCADERIAS;4
391;DETERIORO MAT.PRIMAS;DETERIORO MAT.PRIMAS;3
3910;DETERIORO MAT.PRIMAS;DETERIORO MAT.PRIMAS;4
392;DETERIORO OTR.APROVIS.;DETERIORO OTR.APROVIS.;3
3920;DETERIORO OTR.APROVIS.;DETERIORO OTR.APROVIS.;4
393;DETERIORO PROD.CURSO;DETERIORO PROD.CURSO;3
3930;DETERIORO PROD.CURSO;DETERIORO PROD.CURSO;4
394;DETERIORO P.SEMITERM.;DETERIORO P.SEMITERM.;3
3940;DETERIORO P.SEMITERM.;DETERIORO P.SEMITERM.;4
395;DETERIORO PROD.TERMIN;DETERIORO PROD.TERMIN;3
3950;DETERIORO PROD.TERMIN;DETERIORO PROD.TERMIN;4
396;DETER. SUBPRODUCTOS, RESIDUOS;DETER. SUBPRODUCTOS, RESIDUOS Y MAT.RECUPERADOS;3
3960;DETER. SUBPRODUCTOS, RESIDUOS;DETER. SUBPRODUCTOS, RESIDUOS Y MAT.RECUPERADOS;4
4;ACREEDORES Y DEUDORES OPERACIO;ACREEDORES Y DEUDORES OPERACIONES COMERCIALES;1
40;PROVEEDORES;PROVEEDORES;2
400;PROVEEDORES;PROVEEDORES;3
4000;PROVEEDORES (€);PROVEEDORES (€);4
4004;PROVEEDORES (MONEDA EXTR);PROVEEDORES (MONEDA EXTR);4
4009;PROVEEDORES, FRA.PDTES.RECIBIR;PROVEEDORES, FRA.PDTES.RECIBIR;4
401;PROVEEDORES, EFECTOS A PAGAR;PROVEEDORES, EFECTOS A PAGAR;3
4010;PROVEEDORES, EFECTOS A PA;PROVEEDORES, EFECTOS A PAGAR;4
403;PROVEEDORES, EMPRESA GRUPO;PROVEEDORES, EMPRESA GRUPO;3
4030;PROVEEDORES, EMPRESAS GRUPO(€);PROVEEDORES, EMPRESAS GRUPO(€);4
4031;EFECTOS A PAGAR, EMPRESAS GRUP;EFECTOS A PAGAR, EMPRESAS GRUPO;4
4034;PROVEEDORES, EMPRESAS GRUPO(M.;PROVEEDORES, EMPRESAS GRUPO(M.EX.);4
4036;ENVASES Y EMBALAJES A DEVOL.PR;ENVASES Y EMBALAJES A DEVOL.PROVEEDORES, EMP.GRUPO;4
4039;PROVEED.GRUPO FRA.PDTES. DE RE;PROVEED.GRUPO FRA.PDTES. DE RECIBIR;4
404;PROVEEDORES, EMPRESAS ASOCIADA;PROVEEDORES, EMPRESAS ASOCIADAS;3
4040;PROVEEDORES, EMPRESAS ASOCIADA;PROVEEDORES, EMPRESAS ASOCIADAS;4
405;PROVEEDORES, OTRAS PARTES VINC;PROVEEDORES, OTRAS PARTES VINCULADAS;3
406;ENVASES DEVOLVER A PROVEEDORES;ENVASES DEVOLVER A PROVEEDORES;3
4060;ENVASES DEVOLVER A PROVEEDORES;ENVASES DEVOLVER A PROVEEDORES;4
407;ANTICIPOS A PROVEEDORES;ANTICIPOS A PROVEEDORES;3
4070;ANTICIPOS A PROVEED./€;ANTICIPOS A PROVEED./€;4
41;ACREEDORES VARIOS;ACREEDORES VARIOS;2
410;ACREEDOR POR PRESTACION DE SER;ACREEDOR POR PRESTACION DE SERVICIO;3
4100;ACREEDORES (€);ACREEDORES (€);4
4104;ACREEDORES (MONEDA EXT.);ACREEDORES (MONEDA EXT.);4
4109;ACREEDORES FRA.PENDIENTES RECI;ACREEDORES FRA.PENDIENTES RECIBIR;4
411;ACREEDORES EFECTOS A PAGAR;ACREEDORES EFECTOS A PAGAR;3
4110;ACREEDORES EFECTOS A PAGAR;ACREEDORES EFECTOS A PAGAR;4
419;ACREEDORES POR OPERACIONES EN;ACREEDORES POR OPERACIONES EN COMUN;3
4190;ACREEDORES POR OPERACIONES EN;ACREEDORES POR OPERACIONES EN COMUN;4
43;CLIENTES;CLIENTES;2
430;CLIENTES;CLIENTES;3
4300;CLIENTES (€);CLIENTES (€);4
4304;CLIENTES (MONEDA EXTRANJERA);CLIENTES (MONEDA EXTRANJERA);4
4309;CLIENTES, FRA.PENDIENTES FORMA;CLIENTES, FRA.PENDIENTES FORMALIZAR;4
431;CLIENTES,EFECTOS A COBRAR;CLIENTES,EFECTOS A COBRAR;3
4310;EFECTOS COMER. EN CARTERA;EFECTOS COMER. EN CARTERA;4
43100000;EFECTOS COMER. EN CARTERA;EFECTOS COMER. EN CARTERA;0
4311;EFECTOS COMER.DESCONTADOS;EFECTOS COMER.DESCONTADOS;4
43110000;EFECTOS COMER.DESCONTADOS;EFECTOS COMER.DESCONTADOS;0
4312;EFECTOS COMER.GEST.COBRO;EFECTOS COMER.GEST.COBRO;4
43120000;EFECTOS COMER.GEST.COBRO;EFECTOS COMER.GEST.COBRO;0
4315;EFECTOS COMER.IMPAGADOS;EFECTOS COMER.IMPAGADOS;4
43150000;EFECTOS COMER.IMPAGADOS;EFECTOS COMER.IMPAGADOS;0
432;CLIENTES, OPERACIONES DE FACTO;CLIENTES, OPERACIONES DE FACTORING;3
433;CLIENTES,EMPRESAS GRUPO;CLIENTES,EMPRESAS GRUPO;3
4330;CLIENTES,EMPR.GRUPO(€);CLIENTES,EMPR.GRUPO(€);4
4331;EFECTOS COMER.COBRAR, EMP.GRUP;EFECTOS COMER.COBRAR, EMP.GRUPO;4
4332;CLIENTES EMPRESAS GRUPO, OPERA;CLIENTES EMPRESAS GRUPO, OPERACIONES DE FACTORING;4
4334;CLIENTES,EMPR.GRUPO(M.EX);CLIENTES,EMPR.GRUPO(M.EX);4
4336;CLIENTES EMPRESAS GRUPO, DUDOS;CLIENTES EMPRESAS GRUPO, DUDOSO COBRO;4
4337;ENVASES Y EMBALAJES DEVOLVER A;ENVASES Y EMBALAJES DEVOLVER A CLIENTE, EMP.GRUP;4
4339;CLIENT.GRUPO FRA.PENDIENTES FO;CLIENT.GRUPO FRA.PENDIENTES FORMALIZAR;4
434;CLIENTES,EMPRESAS ASOCIADAS;CLIENTES,EMPRESAS ASOCIADAS;3
4340;CLIENTES,EMPRESAS ASOCIADAS(€);CLIENTES,EMPRESAS ASOCIADAS(€);4
435;CLIENTES,OTRAS PARTES VINCULAD;CLIENTES,OTRAS PARTES VINCULADAS(€);3
436;CLIENTES DUDOSO COBRO;CLIENTES DUDOSO COBRO;3
4360;CLIENTES DUDOS.COBRO €;CLIENTES DUDOS.COBRO €;4
43600000;CLIENTES DUDOS.COBRO €;CLIENTES DUDOS.COBRO €;0
437;ENVASES Y EMBALAJES A DEVOL.PO;ENVASES Y EMBALAJES A DEVOL.POR CLIENTES;3
4370;ENVASES Y EMBALAJES A DEVOL.PO;ENVASES Y EMBALAJES A DEVOL.POR CLIENTES;4
438;ANTICIPOS DE CLIENTES;ANTICIPOS DE CLIENTES;3
4380;ANTICIPOS DE CLIENTES;ANTICIPOS DE CLIENTES;4
44;DEUDORES VARIOS;DEUDORES VARIOS;2
440;DEUDORES;DEUDORES;3
4400;DEUDORES (€);DEUDORES (€);4
44000000;DEUDORES (€);DEUDORES (€);0
4404;DEUDORES (MONEDA EXTRANJERA);DEUDORES (MONEDA EXTRANJERA);4
4409;DEUDORES,FRA.PENDIENTE FORMALI;DEUDORES,FRA.PENDIENTE FORMALIZAR;4
441;DEUDORES EFECTOS A COBRAR;DEUDORES EFECTOS A COBRAR;3
4410;DEUDOR.EFECTOS EN CARTERA;DEUDOR.EFECTOS EN CARTERA;4
4411;DEUDOR.EFECTOS DESCONTADOS;DEUDOR.EFECTOS DESCONTADOS;4
4412;DEUDOR.EFECTOS GEST.COBRO;DEUDOR.EFECTOS GEST.COBRO;4
4415;DEUDOR.EFECTOS IMPAGADOS;DEUDOR.EFECTOS IMPAGADOS;4
446;DEUDORES DUDOSO COBRO;DEUDORES DUDOSO COBRO;3
4460;DEUDORES DUDOSO COBRO;DEUDORES DUDOSO COBRO;4
449;DEUDOR.POR OPER.EN COMUN;DEUDOR.POR OPER.EN COMUN;3
4490;DEUDOR.POR OPER.EN COMUN;DEUDOR.POR OPER.EN COMUN;4
46;PERSONAL;PERSONAL;2
460;ANTICIPOS DE REMUNERACION;ANTICIPOS DE REMUNERACION;3
4600;ANTICIPOS DE REMUNERACION;ANTICIPOS DE REMUNERACION;4
465;REMUNERACIONES PDTES.PAGO;REMUNERACIONES PDTES.PAGO;3
4650;REMUNERACIONES PDTES.PAGO;REMUNERACIONES PDTES.PAGO;4
466;REMUNERACIONES SISTEM. DE APOR;REMUNERACIONES SISTEM. DE APORT.DEFINIDA PDTE.PAGO;3
47;ADMINISTRACIONES PUBLICAS;ADMINISTRACIONES PUBLICAS;2
470;HAC.PUBLICA DEUDOR;HAC.PUBLICA DEUDOR;3
4700;HAC.PUBL.,DEUDOR POR IVA;HAC.PUBL.,DEUDOR POR IVA;4
4708;HAC.,PUBL.DEUDOR SUBVENCIONES;HAC.,PUBL.DEUDOR SUBVENCIONES CONCEDIDAS;4
4709;HAC.,PUBL.DEUDOR DEVOLUCION IM;HAC.,PUBL.DEUDOR DEVOLUCION IMPTOS;4
471;ORGAN.SEG.SOCIAL DEUDORES;ORGAN.SEG.SOCIAL DEUDORES;3
4710;ORGAN.SEG.SOCIAL DEUDORES;ORGAN.SEG.SOCIAL DEUDORES;4
472;HAC.PUBL.IVA SOPORTADO;HAC.PUBL.IVA SOPORTADO;3
4720;HAC.PUBL.IVA SOPORTADO;HAC.PUBL.IVA SOPORTADO;4
47200000;HAC.PUBL.IVA SOPORTADO;HP IVA SOPORTADO;0
473;HAC.PUBL.RETEN.PAGO A CTA;HAC.PUBL.RETEN.PAGO A CTA;3
4730;HAC.PUBL.RETEN.PAGO A CTA;HAC.PUBL.RETEN.PAGO A CTA;4
47300000;HAC.PUBL.RETEN.PAGO A CTA;HAC.PUBL.RETEN.PAGO A CTA;0
474;ACTIVOS POR IMPUESTO DIFERIDO;ACTIVOS POR IMPUESTO DIFERIDO;3
4740;DIFERENCIAS TEMPORARIAS DEDUCI;DIFERENCIAS TEMPORARIAS DEDUCIBLES;4
4742;DºDEDUCCIONES Y BONIFICACIONES;DºDEDUCCIONES Y BONIFICACIONES PEND.APLICAR;4
4745;CREDITO POR PERDIDAS A COMPENS;CREDITO POR PERDIDAS A COMPENSAR DEL EJERCICIO;4
475;HACIENDA PUBLICA,ACREEDOR;HACIENDA PUBLICA,ACREEDOR;3
4750;HAC.PUBL.ACREEDOR POR IVA;HAC.PUBL.ACREEDOR POR IVA;4
4751;H.PUBL.ACREED.RETENCIONES;H.PUBL.ACREED.RETENCIONES;4
47510000;H.PUBL.ACREED.RETENCIONES;H.PUBL.ACREED.RETENCIONES;0
4752;HAC.PUBL,ACREED.I.SDADES.;HAC.PUBL,ACREED.I.SDADES.;4
4758;HAC.PUBL,ACREED.SUBVENC.;HAC.PUBL,ACREED.SUBVENC.;4
476;ORGAN.SEG.SOCIAL ACREEDOR;ORGAN.SEG.SOCIAL ACREEDOR;3
4760;ORGAN.SEG.SOCIAL ACREEDOR;ORGAN.SEG.SOCIAL ACREEDOR;4
477;HAC.PUBL,IVA REPERCUTIDO;HAC.PUBL,IVA REPERCUTIDO;3
4770;HAC.PUBL,IVA REPERCUTIDO;HAC.PUBL,IVA REPERCUTIDO;4
47700000;HAC.PUBL.IVA REPERCUTIDO;HP IVA REPERCUTIDO;0
479;PASIVO DIFERENCIAS TEMPORARIAS;PASIVO DIFERENCIAS TEMPORARIAS IMPONIBLES;3
4790;PASIVO DIFERENCIAS TEMPORARIAS;PASIVO DIFERENCIAS TEMPORARIAS IMPONIBLES;4
48;AJUSTES POR PERIODIFICACION;AJUSTES POR PERIODIFICACION;2
480;GASTOS ANTICIPADOS;GASTOS ANTICIPADOS;3
4800;GASTOS ANTICIPADOS;GASTOS ANTICIPADOS;4
485;INGRESOS ANTICIPADOS;INGRESOS ANTICIPADOS;3
4850;INGRESOS ANTICIPADOS;INGRESOS ANTICIPADOS;4
49;DETERIORO VALOR CDTO.COMERC. Y;DETERIORO VALOR CDTO.COMERC. Y PROVISIONES C/P;2
490;DETERIORO VALOR CDTO. POR OPER;DETERIORO VALOR CDTO. POR OPER.COMERCIALES;3
4900;DETERIORO VALOR CDTO. POR OPER;DETERIORO VALOR CDTO. POR OPER.COMERCIALES;4
493;DETERIORO CDTO.OP.COMERCIALES;DETERIORO CDTO.OP.COMERCIALES PART.VINC.;3
4933;DETERIORO VALOR CDTO.OP.COMERC;DETERIORO VALOR CDTO.OP.COMERCIALES EMP.GRUPO;4
4934;DETERIORO VALOR CDTO.OP.COM.EM;DETERIORO VALOR CDTO.OP.COM.EMP.ASOCIADAS;4
4935;DET. VALOR CDTO.OP.COM.OTRAS P;DET. VALOR CDTO.OP.COM.OTRAS PARTES VINCULADAS;4
499;PROVISION POR OPERACIONES COME;PROVISION POR OPERACIONES COMERCIALES;3
4990;PROVISION POR OPERACIONES COME;PROVISION POR OPERACIONES COMERCIALES;4
4994;PROVISION POR CONTRATROS ONERO;PROVISION POR CONTRATROS ONEROSOS;4
4999;PROVISION PARA OTRAS OPER.COME;PROVISION PARA OTRAS OPER.COMERCIALES;4
5;CUENTAS FINANCIERAS;CUENTAS FINANCIERAS;1
50;EMPRESTITOS,DEUDAS ESPECIALES;EMPRESTITOS,DEUDAS ESPECIALES Y ANALOGAS C/P;2
500;OBLIGACIONES Y BONOS C/P;OBLIGACIONES Y BONOS C/P;3
5000;OBLIGACIONES Y BONOS C/P;OBLIGACIONES Y BONOS C/P;4
501;OBLIGAC. Y BONOS CONVERTIBLES;OBLIGAC. Y BONOS CONVERTIBLES C/P;3
5010;OBLIGAC. Y BONOS CONVERTIBLES;OBLIGAC. Y BONOS CONVERTIBLES C/P;4
502;ACC.O PART. C/P CONSIDERADAS C;ACC.O PART. C/P CONSIDERADAS COMO PASIVO FINANC.;3
505;DEUDAS REPRESENTADAS EN OTROS;DEUDAS REPRESENTADAS EN OTROS VALORES NEGOC. C/P;3
5050;DEUDAS REPRESENTADAS EN OTROS;DEUDAS REPRESENTADAS EN OTROS VALORES NEGOC. C/P;4
506;INT.C/P DE EMPRESTITOS Y OTRAS;INT.C/P DE EMPRESTITOS Y OTRAS EMISIONES ANALOG.;3
5060;INT.C/P DE EMPRESTITOS Y OTRAS;INT.C/P DE EMPRESTITOS Y OTRAS EMISIONES ANALOG.;4
507;DIVIDENDOS DE ACCIONES O PARTI;DIVIDENDOS DE ACCIONES O PARTICIP.CONSID.PASIVO;3
509;VALORES NEGOC.AMORTIZADOS;VALORES NEGOC.AMORTIZADOS;3
5090;OBLIG.Y BONOS AMORTIZADOS;OBLIG.Y BONOS AMORTIZADOS;4
5091;OBLIG.BONOS CONVERT.AMORT;OBLIG.BONOS CONVERT.AMORT;4
5095;OTROS VAL.NEG.AMORTIZADOS;OTROS VAL.NEG.AMORTIZADOS;4
51;DEUDAS C/P CON PARTES VINCULAD;DEUDAS C/P CON PARTES VINCULADAS;2
510;DEUDA C/P ENT.CDTO.VINCULADAS;DEUDA C/P ENT.CDTO.VINCULADAS;3
5103;DEUDA C/P ENT.CDTO.EMPRESAS GR;DEUDA C/P ENT.CDTO.EMPRESAS GRUPO;4
5104;DEUDA C/P ENT.CDTO.EMP.ASOCIAD;DEUDA C/P ENT.CDTO.EMP.ASOCIADAS;4
5105;DEUDA C/P OTR.ENT.CDTO.VINCULA;DEUDA C/P OTR.ENT.CDTO.VINCULADAS;4
511;PROVEEDORES INMOV.C/P PARTES V;PROVEEDORES INMOV.C/P PARTES VINCULADAS;3
5113;PROVEEDORES INMOV. C/P EMP.GRU;PROVEEDORES INMOV. C/P EMP.GRUPO;4
5114;PROVEEDORES INMOV. C/P EMP.ASO;PROVEEDORES INMOV. C/P EMP.ASOCIADAS;4
5115;PROVEEDORES INMOV. C/P OTRAS P;PROVEEDORES INMOV. C/P OTRAS PARTES VINCULADAS;4
512;ACREED. POR ARRENDAMIENTO FINA;ACREED. POR ARRENDAMIENTO FINANC.C/P, EMP.GRUPO;3
5123;ACREED. POR ARRENDAMIENTO FINA;ACREED. POR ARRENDAMIENTO FINANC.C/P, EMP.ASOC.;4
5124;ACREED. ARRENDAMIENTO FINANC.C;ACREED. ARRENDAMIENTO FINANC.C/P, OT.PARTES VINC.;4
5125;ACREED. POR ARRENDAMIENTO FINA;ACREED. POR ARRENDAMIENTO FINANC.C/P, PARTES VINC.;4
513;OTRAS DEUDA C/P CON PARTES VIN;OTRAS DEUDA C/P CON PARTES VINCULADAS;3
5133;OT.DEUDA C/P EMP.GRUPO;OT.DEUDA C/P EMP.GRUPO;4
5134;OT.DEUDA C/P EMP.ASOC.;OT.DEUDA C/P EMP.ASOC.;4
5135;OT.DEUDA OTRAS PARTES VINCULAD;OT.DEUDA OTRAS PARTES VINCULADAS;4
514;INTERESES C/P DEUDA PARTES VIN;INTERESES C/P DEUDA PARTES VINCULADAS;3
5143;INTERESES C/P DEUDAS EM.GRUPO;INTERESES C/P DEUDAS EM.GRUPO;4
5144;INTERESES C/P DEUDAS EMP.ASOC.;INTERESES C/P DEUDAS EMP.ASOC.;4
5145;INTERESES C/P DEUDAS OTRAS PAR;INTERESES C/P DEUDAS OTRAS PARTES VINCULADAS;4
52;DEUDAS C/P PRESTAMOS RECIBIDOS;DEUDAS C/P PRESTAMOS RECIBIDOS Y OT.CONCEPTOS;2
520;DEUDAS C/P CON ENT.CRDTO.;DEUDAS C/P CON ENT.CRDTO.;3
5200;PRESTAMOS C/P DE ENT.CRDTO.;PRESTAMOS C/P DE ENT.CRDTO.;4
5201;POLIZA CRDTO.DISPUESTA CP;POLIZA CRDTO.DISPUESTA CP;4
5208;DEUDAS EFEC.DESCONTADOS;DEUDAS EFEC.DESCONTADOS;4
5209;DEUDAS POR OPERACIONES DE FACT;DEUDAS POR OPERACIONES DE FACTORING;4
521;DEUDAS A CORTO PLAZO;DEUDAS A CORTO PLAZO;3
5210;PRESTAMOS A CORTO PLAZO;PRESTAMOS A CORTO PLAZO;4
522;DEUDAS C/P TRANSFOR. EN SUBVEN;DEUDAS C/P TRANSFOR. EN SUBVENC.DONAC Y LEGADOS;3
523;PROVEED.DE INMOV. C/P;PROVEED.DE INMOV. C/P;3
5230;PROVEED.DE INMOV. C/P;PROVEED.DE INMOV. C/P;4
524;ACREEDORES POR ARRENDAMIENTO F;ACREEDORES POR ARRENDAMIENTO FINANCIERO C/P;3
525;EFECTOS A PAGAR A C/P;EFECTOS A PAGAR A C/P;3
5250;EFECTOS A PAGAR A C/P;EFECTOS A PAGAR A C/P;4
526;DIVIDENDO ACTIVO A PAGAR;DIVIDENDO ACTIVO A PAGAR;3
5260;DIVIDENDO ACTIVO A PAGAR;DIVIDENDO ACTIVO A PAGAR;4
527;INTER.A C/P CON ENT.CRDTO;INTER.A C/P CON ENT.CRDTO;3
5270;INTER.A C/P CON ENT.CRDTO;INTER.A C/P CON ENT.CRDTO;4
528;INTER.A C/P DE DEUDAS;INTER.A C/P DE DEUDAS;3
5280;INTER.A C/P DE DEUDAS;INTER.A C/P DE DEUDAS;4
529;PROVISIONES C/P;PROVISIONES C/P;3
5290;PROVISION C/P POR RETRIBUCIONE;PROVISION C/P POR RETRIBUCIONES AL PERSONAL;4
5291;PROVISION C/P PARA IMPUESTOS;PROVISION C/P PARA IMPUESTOS;4
5292;PROVISION C/P PARA OTRAS RESPO;PROVISION C/P PARA OTRAS RESPONSABILIDADES;4
5293;PROVISION C/P RETIRO O REHABIL;PROVISION C/P RETIRO O REHABILITACION INMOV.;4
5295;PROVISION C/P PARA ACTUACIONES;PROVISION C/P PARA ACTUACIONES MEDIOAMBIENTALES;4
5296;PROVISION C/P PARA REESTRUCTUR;PROVISION C/P PARA REESTRUCTURACIONES;4
5297;PROV.C/P POR TRANSAC. PAGOS BA;PROV.C/P POR TRANSAC. PAGOS BASADO INST.PATRIMONIO;4
53;INVERSIONES FINAN.C/P PARTES V;INVERSIONES FINAN.C/P PARTES VINCULADAS;2
530;PARTICIPACIONES C/P PARTES VIN;PARTICIPACIONES C/P PARTES VINCULADAS;3
5303;PARTICIPACIONES C/P EMP.GRUPO;PARTICIPACIONES C/P EMP.GRUPO;4
5304;PARTICIPACIONES C/P EN EMP.ASO;PARTICIPACIONES C/P EN EMP.ASOCIADAS;4
5305;PARTICIPACIONES C/P OTRAS PART;PARTICIPACIONES C/P OTRAS PART.VINCULADAS;4
531;VALORES DEUDA C/P PARTES VINCU;VALORES DEUDA C/P PARTES VINCULADAS;3
5313;VALORES DEUDA C/P EMP.GRUPO;VALORES DEUDA C/P EMP.GRUPO;4
5314;VALORES DEUDA C/P EMP.ASOCIADA;VALORES DEUDA C/P EMP.ASOCIADAS;4
5315;VALORES DEUDA C/P OTRAS PARTES;VALORES DEUDA C/P OTRAS PARTES VINCULADAS;4
532;CDTO. C/P A PARTES VINCULADAS;CDTO. C/P A PARTES VINCULADAS;3
5323;CDTO.C/P A EMP.GRUPO;CDTO.C/P A EMP.GRUPO;4
5324;CDTOS.C/P A EMP.ASOCIADAS;CDTOS.C/P A EMP.ASOCIADAS;4
5325;CDTOS.C/P A OTRAS PARTES VINCU;CDTOS.C/P A OTRAS PARTES VINCULADAS;4
533;INT.C/P VALORES REPRES. DEUDA;INT.C/P VALORES REPRES. DEUDA PARTES VINCULANTES;3
5333;INT.C/P VALORES REPRES. DEUDA;INT.C/P VALORES REPRES. DEUDA EMP.GRUPO;4
5334;INT.C/P VALORES REPRES. DEUDA;INT.C/P VALORES REPRES. DEUDA EMP.ASOC.;4
5335;INT.C/P VALORES REPRES. DEUDA;INT.C/P VALORES REPRES. DEUDA OT.PARTES VINCUL.;4
534;INT.C/P CREDITOS A PARTES VINC;INT.C/P CREDITOS A PARTES VINCULADAS;3
5343;INT.C/P CREDITOS A EMP.GRUPO;INT.C/P CREDITOS A EMP.GRUPO;4
5344;INT.C/P CREDITOS A EMP.ASOCIAD;INT.C/P CREDITOS A EMP.ASOCIADAS;4
5345;INT.C/P CREDITOS A OTRAS PARTE;INT.C/P CREDITOS A OTRAS PARTES VINCULADAS;4
535;DIVIDENDO A COBRAR DE INV.FINA;DIVIDENDO A COBRAR DE INV.FINANC.EN PARTES VINCUL.;3
5353;DIVIDENDO A COBRAR DE EMP.GRUP;DIVIDENDO A COBRAR DE EMP.GRUPO;4
5354;DIVIDENDO A COBRAR DE EMP.ASOC;DIVIDENDO A COBRAR DE EMP.ASOCIADAS;4
5355;DIVIDENDO A COBRAR DE OTRAS PA;DIVIDENDO A COBRAR DE OTRAS PARTES VINCULADAS;4
539;DESEMB.PDTE.PARTICIP.C/P PARTE;DESEMB.PDTE.PARTICIP.C/P PARTES VINCULADAS;3
5393;DESEMBOL.PDTE.PARTIC.EMP.GRUPO;DESEMBOL.PDTE.PARTIC.EMP.GRUPO;4
5394;DESEMBOL.PDTE.PARTIC.EMP.ASOCI;DESEMBOL.PDTE.PARTIC.EMP.ASOCIADAS;4
5395;DESEMBOL.PDTE.PARTIC.OTRAS PAR;DESEMBOL.PDTE.PARTIC.OTRAS PARTES VINCULADAS;4
54;OTRAS INVERSIONES FINANANCIERA;OTRAS INVERSIONES FINANANCIERAS C/P;2
540;INVERSIONES FINAN.TMP.INSTRUM.;INVERSIONES FINAN.TMP.INSTRUM.PATRIMONIO;3
5400;INVERSIONES FINAN.TMP.INSTRUM.;INVERSIONES FINAN.TMP.INSTRUM.PATRIMONIO;4
541;VALORES DEUDA C/P;VALORES DEUDA C/P;3
5410;VALORES DEUDA C/P;VALORES DEUDA C/P;4
542;CREDITOS A CORTO PLAZO;CREDITOS A CORTO PLAZO;3
5420;PRESTAMOS A CORTO PLAZO;PRESTAMOS A CORTO PLAZO;4
543;CRDTOS.C/P DE VENTA INMOV;CRDTOS.C/P DE VENTA INMOV;3
5430;CRDTOS.C/P DE VENTA INMOV;CRDTOS.C/P DE VENTA INMOV;4
544;CRDTOS.A C/P AL PERSONAL;CRDTOS.A C/P AL PERSONAL;3
5440;CRDTOS.AL PERSONAL TALLER;CRDTOS.AL PERSONAL TALLER;4
545;DIVIDENDO A COBRAR;DIVIDENDO A COBRAR;3
5450;DIVIDENDO A COBRAR;DIVIDENDO A COBRAR;4
546;INTERES.C/P VALORES REPRESENTA;INTERES.C/P VALORES REPRESENTATIVOS DE DEUDA;3
5460;INTERES.C/P VALORES REPRESENTA;INTERES.C/P VALORES REPRESENTATIVOS DE DEUDA;4
547;INTERESES C/P DE CRDTOS.;INTERESES C/P DE CRDTOS.;3
5470;INTERESES C/P DE CRDTOS.;INTERESES C/P DE CRDTOS.;4
548;IMPOSICION A CORTO PLAZO;IMPOSICION A CORTO PLAZO;3
5480;IMPOSICION A CORTO PLAZO;IMPOSICION A CORTO PLAZO;4
549;DESEMBOL.PDTE.PARTI.PATRIM.NET;DESEMBOL.PDTE.PARTI.PATRIM.NETO C/P;3
5490;DESEMBOL.PDTE.PARTI.PATRIM.NET;DESEMBOL.PDTE.PARTI.PATRIM.NETO C/P;4
55;OTRAS CUENTAS NO BANCARIA;OTRAS CUENTAS NO BANCARIA;2
550;TITULAR DE LA EXPLOTACION;TITULAR DE LA EXPLOTACION;3
5500;TITULAR DE LA EXPLOTACION;TITULAR DE LA EXPLOTACION;4
551;C/CTE.CON SOCIOS Y ADMINISTRAD;C/CTE.CON SOCIOS Y ADMINISTRADORES;3
5510;C/CTE.CON SOCIOS Y ADMINISTRAD;C/CTE.CON SOCIOS Y ADMINISTRADORES;4
552;C/CTE.OTR.PERSO.&ENT.VINC;C/CTE.OTR.PERSO.&ENT.VINC;3
5523;CTA.CTE.CON EMP.GRUPO;CTA.CTE.CON EMP.GRUPO;4
5524;CTA.CTE.CON EMP.ASOCIADA;CTA.CTE.CON EMP.ASOCIADA;4
5525;CTA.CTE.OT.PART.VINCULADAS;CTA.CTE.OT.PART.VINCULADAS;4
553;C/CTE.EN FUSIONES Y ESCISIONES;C/CTE.EN FUSIONES Y ESCISIONES;3
5530;SOCIOS, SOCIEDAD DISUELTA;SOCIOS, SOCIEDAD DISUELTA;4
5531;SOCIOS, CUENTA DE FUSION;SOCIOS, CUENTA DE FUSION;4
5532;SOCIOS, SOCIEDAD ESCINDIDA;SOCIOS, SOCIEDAD ESCINDIDA;4
5533;SOCIOS, CTA DE ESCISION;SOCIOS, CTA DE ESCISION;4
554;C/CTE. UNIONES TMP.EMP. Y COMU;C/CTE. UNIONES TMP.EMP. Y COMUNIDAD BIENES;3
555;PARTIDAS PDTES.APLICACION;PARTIDAS PDTES.APLICACION;3
5550;PARTIDAS PDTES.APLICACION;PARTIDAS PDTES.APLICACION;4
556;DESEMBOL.EXIG.S/PARTICIPACIONE;DESEMBOL.EXIG.S/PARTICIPACIONES EN PATRIM.NETO;3
5563;DESEMB.EXIG.S/PARTIC. EMP.GRUP;DESEMB.EXIG.S/PARTIC. EMP.GRUPO;4
5564;DESEMB.EXIG.S/PARTIC. EMP.ASOC;DESEMB.EXIG.S/PARTIC. EMP.ASOCIADAS;4
5565;DESEMB.EXIG. S/OTRAS PART.VINC;DESEMB.EXIG. S/OTRAS PART.VINCULADAS;4
5566;DESEMB.EXIG.S/OTRAS EMPRESAS;DESEMB.EXIG.S/OTRAS EMPRESAS;4
557;DIVIDENDO ACTIVO A CUENTA;DIVIDENDO ACTIVO A CUENTA;3
5570;DIVIDENDO ACTIVO A CUENTA;DIVIDENDO ACTIVO A CUENTA;4
558;SOCIOS POR DESEMBOLSOS EXIGIDO;SOCIOS POR DESEMBOLSOS EXIGIDOS;3
5580;SOCIOS DESEMB.EXIG.S/ACCIONES;SOCIOS DESEMB.EXIG.S/ACCIONES O PARTIC. ORDINARIAS;4
5585;SOCIOS DESEMB.EXIG.S/ACCION O;SOCIOS DESEMB.EXIG.S/ACCION O PARTIC.PASIVO FINAN;4
559;DERIVADOS FINANCIEROS C/P;DERIVADOS FINANCIEROS C/P;3
5590;ACTIVOS POR DERIVADOS FINAN.C/;ACTIVOS POR DERIVADOS FINAN.C/P, CARTERA NEGOC.;4
5593;ACTIVOS POR DERIVADOS FINAN.C/;ACTIVOS POR DERIVADOS FINAN.C/P, INSTRUM.COBERTURA;4
5595;PASIVOS  POR DERIVADOS FINAN.C;PASIVOS  POR DERIVADOS FINAN.C/P, CARTERA NEGOC.;4
5598;PASIVOS POR DERIVADOS FINAN.C/;PASIVOS POR DERIVADOS FINAN.C/P, INSTRUM.COBERTURA;4
56;FIANZ. Y DEPOSITOS RECIB. C/P;FIANZ. Y DEPOSITOS RECIB. C/P Y AJUST. PERIODIF.;2
560;FIANZAS RECIBIDAS C/P;FIANZAS RECIBIDAS C/P;3
5600;FIANZAS RECIBIDAS C/P;FIANZAS RECIBIDAS C/P;4
561;DEPOSITOS RECIBIDOS C/P;DEPOSITOS RECIBIDOS C/P;3
5610;DEPOSITOS RECIBIDOS C/P;DEPOSITOS RECIBIDOS C/P;4
565;FIANZAS CONSTITUIDAS C/P;FIANZAS CONSTITUIDAS C/P;3
5650;FIANZAS CONSTITUIDAS C/P;FIANZAS CONSTITUIDAS C/P;4
566;DEPOSITOS CONSTITUIDOS C/P;DEPOSITOS CONSTITUIDOS C/P;3
5660;DEPOSITOS CONSTITUIDOS C/P;DEPOSITOS CONSTITUIDOS C/P;4
567;INTER.PAGADOS POR ANTICIP;INTER.PAGADOS POR ANTICIP;3
5670;INTER.PAGADOS POR ANTICIP;INTER.PAGADOS POR ANTICIP;4
568;INTER.COBRADOS POR ANTICIP;INTER.COBRADOS POR ANTICIP;3
5680;INTER.COBRADOS POR ANTICIP;INTER.COBRADOS POR ANTICIP;4
569;GARANTIAS FINANCIERAS C/P;GARANTIAS FINANCIERAS C/P;3
57;TESORERIA;TESORERIA;2
570;CAJA, €;CAJA, €;3
5700;CAJA, €;CAJA, €;4
571;CAJA,MONEDA EXTRANJERA;CAJA,MONEDA EXTRANJERA;3
5710;CAJA,MONEDA EXTRANJERA;CAJA,MONEDA EXTRANJERA;4
572;CTAS.CTES.DE BANCOS €;CTAS.CTES.DE BANCOS €;3
5720;CTAS.CTES.DE BANCOS €.;CTAS.CTES.DE BANCOS €.;4
573;CTAS.CTES.BANCOS,MON.EX.;CTAS.CTES.BANCOS,MON.EX.;3
5730;CTAS.CTES.BANCOS,MON.EX.;CTAS.CTES.BANCOS,MON.EX.;4
574;CTAS.AHORRO BANCOS,€;CTAS.AHORRO BANCOS,€;3
5740;CTAS.AHORRO BANCOS,€.;CTAS.AHORRO BANCOS,€.;4
575;CTAS.AHORRO BANCOS,MON.EX;CTAS.AHORRO BANCOS,MON.EX;3
5750;CTAS.AHORRO BANCOS,MON.EX;CTAS.AHORRO BANCOS,MON.EX;4
576;INVERSIONES C/P DE GRAN LIQUID;INVERSIONES C/P DE GRAN LIQUIDEZ;3
58;ACT.NO CORRIENTE PARA VENTA&AC;ACT.NO CORRIENTE PARA VENTA&ACT.-PASIV.ASOCIAD;2
580;INMOVILIZADO;INMOVILIZADO;3
581;INVERSIONES CON PERSONAS Y ENT;INVERSIONES CON PERSONAS Y ENTIDADES VINCULADAS;3
582;INVERSIONES FINANCIERAS;INVERSIONES FINANCIERAS;3
583;EXISTENCIAS, DEUDOR.COMER. Y O;EXISTENCIAS, DEUDOR.COMER. Y OTRAS CTAS.A COBRAR;3
584;OTROS ACTIVOS;OTROS ACTIVOS;3
585;PROVISIONES;PROVISIONES;3
586;DEUDAS CARACT. ESPECIALES;DEUDAS CARACT. ESPECIALES;3
587;DEUDAS PERSONAS&ENT.VINC.;DEUDAS PERSONAS&ENT.VINC.;3
588;ACREED.COMERC. Y OTRAS CTAS. A;ACREED.COMERC. Y OTRAS CTAS. A PAGAR;3
589;OTROS PASIVOS;OTROS PASIVOS;3
59;DETERIORO INSTR.FIN.C/P Y ACT.;DETERIORO INSTR.FIN.C/P Y ACT. NO CORRIENT.VENTA;2
593;DETERIORO PARTICIPACIONES C/P;DETERIORO PARTICIPACIONES C/P PARTES VINCULADAS;3
5933;DETERIORO PARTICIPACIONES C/P;DETERIORO PARTICIPACIONES C/P EMP.GRUPO;4
5934;DETERIORO PARTICIPACIONES C/P;DETERIORO PARTICIPACIONES C/P EMP.ASOC.;4
594;DETERIORO VALOR DEUDA C/P PART;DETERIORO VALOR DEUDA C/P PARTES VINCULADAS;3
5943;DETERIORO VALOR DEUDA C/P EMP.;DETERIORO VALOR DEUDA C/P EMP.GRUPO;4
5944;DETERIORO VALOR DEUDA C/P EMP.;DETERIORO VALOR DEUDA C/P EMP.ASOCIADAS;4
5945;DETERIORO VALORES DEUDA C/P OT;DETERIORO VALORES DEUDA C/P OTRAS PARTES VINCUL.;4
595;DETERIORO VALOR CDTOS.C/P PART;DETERIORO VALOR CDTOS.C/P PARTES VINCUL.;3
5953;DETERIORO VALOR CDTOS.C/P EMP.;DETERIORO VALOR CDTOS.C/P EMP.GRUPO;4
5954;DETERIORO VALOR.CDTOS.C/P EMP.;DETERIORO VALOR.CDTOS.C/P EMP.ASOCIADAS;4
5955;DETERIORO VALOR.CDTOS.C/P OTRA;DETERIORO VALOR.CDTOS.C/P OTRAS PARTES;4
597;DET.VALOR DEUDA C/P;DET.VALOR DEUDA C/P;3
5970;DET.VALOR DEUDA C/P;DET.VALOR DEUDA C/P;4
598;DET.VALOR CDTOS. C/P;DET.VALOR CDTOS. C/P;3
5980;DET.VALOR CDTOS. C/P;DET.VALOR CDTOS. C/P;4
599;DET.ACTIV.NO CORRIENTES MANT.P;DET.ACTIV.NO CORRIENTES MANT.PARA VENTA;3
5990;INMV.NO CORRIENTE MANT.PARA VE;INMV.NO CORRIENTE MANT.PARA VENTA;4
5991;INVER.CON PERSON.&ENT.NO CORRI;INVER.CON PERSON.&ENT.NO CORRIENT.MANT.PARA VENTA;4
5992;INVER. FINANC.NO CORRIENTES MA;INVER. FINANC.NO CORRIENTES MANT. PARA VENTA;4
5993;EXIST.DEUDOR.&OT.CTAS.A COBRAR;EXIST.DEUDOR.&OT.CTAS.A COBRAR.ENAJ.MANT.VENTA;4
5994;OTROS ACTIVOS MANT. PARA VENTA;OTROS ACTIVOS MANT. PARA VENTA;4
6;COMPRAS Y GASTOS;COMPRAS Y GASTOS;1
60;COMPRAS;COMPRAS;2
600;COMPRAS DE MERCADERIAS;COMPRAS DE MERCADERIAS;3
6000;COMPRAS DE MERCADERIAS;COMPRAS DE MERCADERIAS;4
60000000;COMPRA DE MERCADERÍAS;COMPRA DE MERCADERÍAS;0
601;COMPRA DE MATERIAS PRIMAS;COMPRA DE MATERIAS PRIMAS;3
6010;COMPRA DE MATERIAS PRIMAS;COMPRA DE MATERIAS PRIMAS;4
60100001;COMPRA DE MATERIAS PRIMAS;COMPRA DE MATERIAS PRIMAS;0
602;COMPRA OTROS APROVISIONAM;COMPRA OTROS APROVISIONAM;3
6020;COMPRA OTROS APROVISIONAM;COMPRA OTROS APROVISIONAM;4
606;DTO.S/COMPRAS P.PAGO;DTO.S/COMPRAS P.PAGO;3
6060;DTO.S/COMPRAS P.PAGO MERC;DTO.S/COMPRAS P.PAGO MERCADERIAS;4
60600000;DTO.S/COMPRAS P.PAGO MERC;DTO.S/COMPRAS P.PAGO MERC;0
6061;DTO.S/COMPRAS P.PAGO MAT.PRIMA;DTO.S/COMPRAS P.PAGO MAT.PRIMAS;4
6062;DTO.S/COMPRAS P.PAGO APROVISIO;DTO.S/COMPRAS P.PAGO APROVISIONAMIENTOS;4
607;TRABAJO REALIZ.POR O.EMPR;TRABAJO REALIZ.POR O.EMPR;3
6070;TRABAJO REALIZ.POR O.EMPR;TRABAJO REALIZ.POR O.EMPR;4
608;DEVOLUCIONES DE COMPRAS;DEVOLUCIONES DE COMPRAS;3
6080;DEVOL.COMPRAS MERCADERIAS;DEVOL.COMPRAS MERCADERIAS;4
60800000;DEVOLUCIONES DE COMPRAS;DEVOLUCIONES DE COMPRAS;0
6081;DEVOL.COMPRAS MAT.PRIMAS;DEVOL.COMPRAS MAT.PRIMAS;4
6082;DEVOL.DE OTRAS COMPRAS;DEVOL.DE OTRAS COMPRAS;4
609;RAPPELS  POR COMPRAS;RAPPELS  POR COMPRAS;3
6090;RAPPELS COMPRA MERCADERIA;RAPPELS COMPRA MERCADERIA;4
6091;RAPPELS COMPRA MAT.PRIMAS;RAPPELS COMPRA MAT.PRIMAS;4
6092;RAPPELS OTRAS COMPRAS;RAPPELS OTRAS COMPRAS;4
61;VARIACION DE EXISTENCIAS;VARIACION DE EXISTENCIAS;2
610;VARIACION EXIST.MERCADERI;VARIACION EXIST.MERCADERI;3
6100;VARIACION EXIST.MERCADERI;VARIACION EXIST.MERCADERI;4
611;VARIACION EXIST.MAT.PRIMA;VARIACION EXIST.MAT.PRIMA;3
6110;VARIACION EXIST.MAT.PRIMA;VARIACION EXIST.MAT.PRIMA;4
612;VARIACION EXIST.O.APROVIS;VARIACION EXIST.O.APROVIS;3
6120;VARIACION EXIST.O.APROVIS;VARIACION EXIST.O.APROVIS;4
62;SERVICIOS EXTERIORES;SERVICIOS EXTERIORES;2
620;GTOS.EN I Y D DEL EJERC.;GTOS.EN I Y D DEL EJERC.;3
6200;GTOS.EN I Y D DEL EJERC.;GTOS.EN I Y D DEL EJERC.;4
621;ARRENDAMIENTOS Y CANONES;ARRENDAMIENTOS Y CANONES;3
6210;ARRENDAMIENTOS Y CANONES;ARRENDAMIENTOS Y CANONES;4
622;REPARACIONES Y CONSERVAC.;REPARACIONES Y CONSERVAC.;3
6220;REPARACIONES Y CONSERVAC.;REPARACIONES Y CONSERVAC.;4
623;SERV.PROFESIONALES INDEP.;SERV.PROFESIONALES INDEP.;3
6230;SERV.PROFESIONALES INDEP.;SERV.PROFESIONALES INDEP.;4
624;TRANSPORTES;TRANSPORTES;3
6240;TRANSPORTES DE VENTAS;TRANSPORTES DE VENTAS;4
62400000;TRANSPORTES DE VENTAS;TRANSPORTES DE VENTAS;0
625;PRIMAS DE SEGUROS;PRIMAS DE SEGUROS;3
6250;PRIMAS DE SEGUROS;PRIMAS DE SEGUROS;4
626;SERVICIOS BANCARIOS;SERVICIOS BANCARIOS;3
6260;SERVICIOS BANCARIOS;SERVICIOS BANCARIOS;4
627;PUBLICIDAD Y PROPAGANDA;PUBLICIDAD Y PROPAGANDA;3
6270;PUBLICIDAD Y PROPAGANDA;PUBLICIDAD Y PROPAGANDA;4
62700000;PUBLICIDAD Y PROPAGANDA;PUBLICIDAD Y PROPAGANDA;0
628;SUMINISTROS;SUMINISTROS;3
6280;SUMINISTROS;SUMINISTROS;4
62800000;SUMINISTROS;SUMINISTROS;0
629;OTROS SERVICIOS;OTROS SERVICIOS;3
6290;GASTOS DE VIAJES;GASTOS DE VIAJES;4
62900000;GASTOS DE VIAJES;GASTOS DE VIAJES;0
63;TRIBUTOS;TRIBUTOS;2
630;IMPUESTO SOBRE BENEFICIOS;IMPUESTO SOBRE BENEFICIOS;3
6300;IMPUESTO CORRIENTE;IMPUESTO CORRIENTE;4
63000000;IMPUESTO CORRIENTE;IMPUESTO CORRIENTE;0
6301;IMPUESTO DIFERIDO;IMPUESTO DIFERIDO;4
631;OTROS TRIBUTOS;OTROS TRIBUTOS;3
6310;IMPUESTOS MUNICIPALES;IMPUESTOS MUNICIPALES;4
633;AJUSTES NEGATIV.IMPTO.Bº;AJUSTES NEGATIV.IMPTO.Bº;3
6330;AJUSTES NEGATIV.IMPTO.Bº;AJUSTES NEGATIV.IMPTO.Bº;4
634;AJUST.NEGATIV.IMPTO.INDIR;AJUST.NEGATIV.IMPTO.INDIR;3
6341;AJUSTES NEGATIV.IVA CORRIENTE;AJUSTES NEGATIV.IVA CORRIENTE;4
6342;AJUSTES NEGATIV.IVA INVERSIONE;AJUSTES NEGATIV.IVA INVERSIONES;4
636;DEVOLUCION DE IMPUESTOS;DEVOLUCION DE IMPUESTOS;3
6360;DEVOLUCION DE IMPUESTOS;DEVOLUCION DE IMPUESTOS;4
638;AJUSTES POSIT.IMPTO.Bº;AJUSTES POSIT.IMPTO.Bº;3
6380;AJUSTES POSIT.IMPTO.Bº;AJUSTES POSIT.IMPTO.Bº;4
639;AJUSTES POSIT.IMPTO.INDIRECTA;AJUSTES POSIT.IMPTO.INDIRECTA;3
6391;AJUSTES POSIT.IVA CORRIENTE;AJUSTES POSIT.IVA CORRIENTE;4
6392;AJUSTES POSIT.IVA INVERSIONES;AJUSTES POSIT.IVA INVERSIONES;4
64;GASTOS DE PERSONAL;GASTOS DE PERSONAL;2
640;SUELDOS Y SALARIOS;SUELDOS Y SALARIOS;3
6400;REMUNERACIONES FIJAS;REMUNERACIONES FIJAS;4
64000000;REMUNERACIONES FIJAS;REMUNERACIONES FIJAS;0
641;INDEMNIZACIONES;INDEMNIZACIONES;3
6410;INDEMNIZACIONES;INDEMNIZACIONES;4
642;SEG.SOCIAL A CGO.EMPRESA;SEG.SOCIAL A CGO.EMPRESA;3
6420;SEG.SOCIAL A CGO.EMPRESA;SEG.SOCIAL A CGO.EMPRESA;4
64200000;SEG.SOCIAL A CGO.EMPRESA;SEG.SOCIAL A CGO.EMPRESA;0
643;RETRIB. LP MED.SIST.APORT.DEFI;RETRIB. LP MED.SIST.APORT.DEFINITIVA;3
6430;RETRIB. LP MED.SIST.APORT.DEFI;RETRIB. LP MED.SIST.APORT.DEFINITIVA;4
644;RETRIB. LP MED.SIST.PREST.DEFI;RETRIB. LP MED.SIST.PREST.DEFINIDA;3
6440;CONTRIBUCIONES ANUALES;CONTRIBUCIONES ANUALES;4
6442;OTROS COSTES;OTROS COSTES;4
645;RETRIB. MEDIANTE INSTRUMENTOS;RETRIB. MEDIANTE INSTRUMENTOS DE PATRIMONIO;3
6450;RETRIB. AL PERSONAL LIQ. CON I;RETRIB. AL PERSONAL LIQ. CON INSTRUM.DE PATRIMONIO;4
6457;RETRIB. LIQ. EN EFECTIVO BASAD;RETRIB. LIQ. EN EFECTIVO BASADO EN INSTRUM.PATRIM.;4
649;OTROS GASTOS SOCIALES;OTROS GASTOS SOCIALES;3
6490;OTROS GASTOS SOCIALES;OTROS GASTOS SOCIALES;4
65;OTROS GASTOS DE GESTION;OTROS GASTOS DE GESTION;2
650;PERDIDAS DE CDTO.COMERCIALES I;PERDIDAS DE CDTO.COMERCIALES INCOBRABLES;3
6500;INSOLVENCIAS CLIENTES;INSOLVENCIAS CLIENTES;4
651;RTDO.OPERACIONES EN COMUN;RTDO.OPERACIONES EN COMUN;3
6510;BENEFICIO TRANSFERIDO;BENEFICIO TRANSFERIDO;4
6511;PERDIDA SOPORTADA;PERDIDA SOPORTADA;4
659;OTRAS PERDIDAS EN GESTION;OTRAS PERDIDAS EN GESTION;3
6590;OTRAS PERDIDAS EN GESTION;OTRAS PERDIDAS EN GESTION;4
66;GASTOS FINANCIEROS;GASTOS FINANCIEROS;2
660;GTOS. FINANCIEROS POR ACTUALIZ;GTOS. FINANCIEROS POR ACTUALIZACION DE PROVISIONES;3
661;INTERESES OBLIGAC.Y BONOS;INTERESES OBLIGAC.Y BONOS;3
6610;INTER.OBLI.BONOS LP.GRUPO;INTER.OBLI.BONOS LP.GRUPO;4
6611;INTER.OBLI.BONOS LP.ASOC.;INTER.OBLI.BONOS LP.ASOC.;4
6612;INT.OBLI.BONOS LP.OT.PART.VINC;INT.OBLI.BONOS LP.OT.PART.VINCULADAS;4
6613;INTER.OBLI.BONOS LP.OTRAS EMP.;INTER.OBLI.BONOS LP.OTRAS EMP.;4
6615;INTER.OBLI.BONOS CP.GRUPO;INTER.OBLI.BONOS CP.GRUPO;4
6616;INTER.OBLI.BONOS CP.ASOC.;INTER.OBLI.BONOS CP.ASOC.;4
6617;INTER.OBLI.BONOS CP OT.PARTES;INTER.OBLI.BONOS CP OT.PARTES VINCULADAS;4
6618;INTER.OBLI.BONOS CP.OTRAS EMP.;INTER.OBLI.BONOS CP.OTRAS EMP.;4
662;INTERESES DE DEUDAS;INTERESES DE DEUDAS;3
6620;INTER.DEUDAS EMP.GRUPO;INTER.DEUDAS EMP.GRUPO;4
6621;INTER.DEUDAS EMP.ASOC.;INTER.DEUDAS EMP.ASOC.;4
6622;INTER.DEUDAS OTRAS PARTES VINC;INTER.DEUDAS OTRAS PARTES VINCULADAS;4
6623;INTER.DEUDAS ENT.CDTO.;INTER.DEUDAS ENT.CDTO.;4
6624;INTER.DEUDAS O.EMPR.;INTER.DEUDAS O.EMPR.;4
663;PERD.VALOR INSTRUM.FIN.POR VAL;PERD.VALOR INSTRUM.FIN.POR VALOR RAZONABLE;3
6630;DE CARTERA NEGOCICION;DE CARTERA NEGOCICION;4
6631;DE DESIGNADOS POR LA EMPRESA;DE DESIGNADOS POR LA EMPRESA;4
6632;DE DISPONIBLES PARA LA VENTA;DE DISPONIBLES PARA LA VENTA;4
6633;DE INSTRUMENTOS DE COBERTURA;DE INSTRUMENTOS DE COBERTURA;4
664;DIVIDENDOS DE ACCIONES O PARTI;DIVIDENDOS DE ACCIONES O PARTICIP.CONSID.PASIVO;3
6640;DIVIDENDOS DE PASIVO, EMP. GRU;DIVIDENDOS DE PASIVO, EMP. GRUPO;4
6641;DIVIDENDOS DE PASIVO, EMP. ASO;DIVIDENDOS DE PASIVO, EMP. ASOCIADAS;4
6642;DIVIDENDOS DE PASIVO, OTRAS PA;DIVIDENDOS DE PASIVO, OTRAS PARTES VINCULADAS;4
6643;DIVIDENDOS DE PASIVO, OTRAS EM;DIVIDENDOS DE PASIVO, OTRAS EMPRESAS;4
665;INTERES DESCUENTO EFECTOS Y FA;INTERES DESCUENTO EFECTOS Y FACTORING;3
6650;CON ENT.CDTO. DEL GRUPO;CON ENT.CDTO. DEL GRUPO;4
6651;CON ENT.CDTO.  ASOCIA.;CON ENT.CDTO.  ASOCIA.;4
6652;CON OTRAS ENT.CDTO. VINC.;CON OTRAS ENT.CDTO. VINC.;4
6653;CON OTRAS ENT.CDTO.;CON OTRAS ENT.CDTO.;4
66530000;CON OTRAS ENT.CDTO.;CON OTRAS ENT.CDTO.;0
6654;INTERESES FACTORING CON ENT.CD;INTERESES FACTORING CON ENT.CDTO DEL GRUPO;4
6655;INTERESES FACTORING CON ENT.CD;INTERESES FACTORING CON ENT.CDTO ASOCIADAS;4
6656;INTERESES FACTORING CON ENT.CD;INTERESES FACTORING CON ENT.CDTO VINCULADAS;4
6657;INTERESES FACTORING CON OTRAS;INTERESES FACTORING CON OTRAS ENT.CDTO VINCUL.;4
666;PERD.PARTICIPACIONES&VALORES D;PERD.PARTICIPACIONES&VALORES DE DEUDA;3
6660;DE VALORES L/P EN EMP.GRUPO;DE VALORES L/P EN EMP.GRUPO;4
6661;DE VALORES L/P EN EMP.ASOCIADA;DE VALORES L/P EN EMP.ASOCIADAS;4
6662;DE L/P EN OTRAS PARTES VINCUL.;DE L/P EN OTRAS PARTES VINCUL.;4
6663;DE PARTICIP. Y VALORES L/P EN;DE PARTICIP. Y VALORES L/P EN OTRAS EMPRESAS;4
6665;DE PARTICIP. Y VALORES C/P EN;DE PARTICIP. Y VALORES C/P EN EMP.GRUPO;4
6666;DE PARTICIP. Y VALORES C/P EN;DE PARTICIP. Y VALORES C/P EN EMP.ASOCIADAS;4
6667;DE VALORES DEUDA C/P, OTRAS PA;DE VALORES DEUDA C/P, OTRAS PARTES VINCUL.;4
6668;DE VALORES DEUDA C/P, OTRAS EM;DE VALORES DEUDA C/P, OTRAS EMPRESAS;4
667;PERDIDAS CDTOS NO COMERCIALES;PERDIDAS CDTOS NO COMERCIALES;3
6670;DE CDTOS. L/P EMP.GRUPO;DE CDTOS. L/P EMP.GRUPO;4
6671;DE CDTOS.L/P EMP.ASOCIADAS;DE CDTOS.L/P EMP.ASOCIADAS;4
6672;DE CDTOS.L/P OTRAS PARTES VINC;DE CDTOS.L/P OTRAS PARTES VINCULADAS;4
6673;DE CDTOS.L/P OTRAS EMPRESAS;DE CDTOS.L/P OTRAS EMPRESAS;4
6675;DE CDTOS.C/P EMP.GRUPO;DE CDTOS.C/P EMP.GRUPO;4
6676;DE CDTOS.C/P EMP.ASOCIADAS;DE CDTOS.C/P EMP.ASOCIADAS;4
6677;DE CDTOS.C/P OTRAS PARTES VINC;DE CDTOS.C/P OTRAS PARTES VINCULADAS;4
6678;DE CRDTOS.C/P OTRAS EMPRESAS;DE CRDTOS.C/P OTRAS EMPRESAS;4
668;DIFERENCIA NEGATIV.CAMBIO;DIFERENCIA NEGATIV.CAMBIO;3
6680;DIFERENCIA NEGATIV.CAMBIO;DIFERENCIA NEGATIV.CAMBIO;4
66800000;DIFERENCIA NEGATIV.CAMBIO;DIFERENCIA NEGATIV.CAMBIO;0
669;OTROS GASTOS FINANCIEROS;OTROS GASTOS FINANCIEROS;3
6690;GTO.ANUAL FORMALIZ.DEUDAS;GTO.ANUAL FORMALIZ.DEUDAS;4
67;PERD.ACT.NO CORRIENT Y GASTOS;PERD.ACT.NO CORRIENT Y GASTOS EXCEPCIONALES;2
670;PERDIDA INMOVIL. INTAGIBL;PERDIDAS DEL INMOVILIZADO INTANGIBLE;3
6700;PERDIDA INMOVIL. INTAGIBL;PERDIDAS DEL INMOVILIZADO INTANGIBLE;4
67000000;PERDIDA INMOVIL. INTAGIBLE;PERDIDA INMOVIL. INTAGIBLE;0
671;PERDIDA DE INMOV.MATERIAL;PERDIDA DE INMOV.MATERIAL;3
6710;PERDIDA DE INMOV.MATERIAL;PERDIDA DE INMOV.MATERIAL;4
67100000;PERDIDA DE INMOV.MATERIAL;PERDIDA DE INMOV.MATERIAL;0
672;PERDIDA DE INVERSIONES INMOBIL;PERDIDA DE INVERSIONES INMOBILIARIAS;3
673;PERDIDAS DE PARTICIPACIONES L/;PERDIDAS DE PARTICIPACIONES L/P PARTES VINCUL.;3
6733;DE PARTIC. L/P EMP.GRUPO;DE PARTIC. L/P EMP.GRUPO;4
6734;DE PARTIC. L/P EMP. ASOC.;DE PARTIC. L/P EMP. ASOC.;4
6735;DE PARTIC. L/P OTRAS PARTES VI;DE PARTIC. L/P OTRAS PARTES VINCULADAS;4
675;PERDIDAS POR OPERACIONES CON O;PERDIDAS POR OPERACIONES CON OBLIGACIONES PROPIAS;3
6750;PERDIDAS POR OPERACIONES CON O;PERDIDAS POR OPERACIONES CON OBLIGACIONES PROPIAS;4
678;GASTOS EXTRAORDINARIOS;GASTOS EXTRAORDINARIOS;3
6780;GASTOS POR ACCIDENTES;GASTOS POR ACCIDENTES;4
68;DOTACIONES PARA AMORTIZACIONES;DOTACIONES PARA AMORTIZACIONES;2
680;AMORTIZACION INMOVILIZADO INTA;AMORTIZACION INMOVILIZADO INTANGIBLE;3
6800;AMORTIZACION INMOVILIZADO INTA;AMORTIZACION INMOVILIZADO INTANGIBLE;4
68000000;AMORTIZACION INMOVILIZADO INTA;AMORTIZACION INMOVILIZADO INTANGIBLE;0
681;AMORTIZ.INMOV.MATERIAL;AMORTIZ.INMOV.MATERIAL;3
6810;AMORTIZ.INMOV.MATERIAL;AMORTIZ.INMOV.MATERIAL;4
68100000;AMORTIZ.INMOV.MATERIAL;AMORTIZ.INMOV.MATERIAL;0
682;AMORTIZACION INVERSIONES INMOB;AMORTIZACION INVERSIONES INMOBILIARIAS;3
69;PERDIDAS POR DETERIORO Y OTRAS;PERDIDAS POR DETERIORO Y OTRAS DOTACIONES;2
690;PERD.DETERIORO INMOVILIZADO IN;PERD.DETERIORO INMOVILIZADO INTANGIBLE;3
6900;PERD.DETERIORO INMOVILIZA;PERD.DETERIORO INMOVILIZADO INTANGIBLE;4
69000000;PERD.DETERIORO INMOVILIZA;PERD.DETERIORO INMOVILIZA;0
691;PERD.DETERIORO INMOVILIZADO MA;PERD.DETERIORO INMOVILIZADO MATERIAL;3
6910;PERD.DETERIORO INMOVILIZA;PERD.DETERIORO INMOVILIZADO MATERIAL;4
69100000;PERD.DETERIORO INMOVILIZA;PERD.DETERIORO INMOVILIZA;0
692;PERD.DETERIORO INVERSIONES INM;PERD.DETERIORO INVERSIONES INMOBILIARIAS;3
693;PERDIDAS DETERIORO EXISTENCIAS;PERDIDAS DETERIORO EXISTENCIAS;3
6930;DE P.TERMINADOS Y EN CURSO FAB;DE P.TERMINADOS Y EN CURSO FABRICACION;4
6931;DE MERCADERIAS;DE MERCADERIAS;4
6932;DE MAT.PRIMAS;DE MAT.PRIMAS;4
6933;DE OTROS APROVISIONAMIENTOS;DE OTROS APROVISIONAMIENTOS;4
694;PERDIDAS DETERIORO CDTO. POR O;PERDIDAS DETERIORO CDTO. POR OPER. COMERCIALES;3
6940;PERDIDAS DETERIORO CDTO. POR O;PERDIDAS DETERIORO CDTO. POR OPER. COMERCIALES;4
695;DOTACION PROVISION OPER.COMER.;DOTACION PROVISION OPER.COMER.;3
6950;DOTACION PROVISION OPER.COMER.;DOTACION PROVISION OPER.COMER.;4
6954;CONTRATOS ONEROSOS;CONTRATOS ONEROSOS;4
6959;OTRAS OPERACIONES COMERCIALES;OTRAS OPERACIONES COMERCIALES;4
696;PERD.DETERIORO PARTIC. Y VALOR;PERD.DETERIORO PARTIC. Y VALORES DEUDA L/P;3
6960;INSTRUM.PATRIMONIO NETO L/P, E;INSTRUM.PATRIMONIO NETO L/P, EMP.GRUPO;4
6961;INSTRUM.PATRIMONIO NETO L/P EM;INSTRUM.PATRIMONIO NETO L/P EMP.ASOCIADAS;4
6962;INSTRUM.PATRIMONIO NETO L/P OT;INSTRUM.PATRIMONIO NETO L/P OTRAS PARTES VINC.;4
6963;INSTRUM.PATRIMONIO NETO L/P OT;INSTRUM.PATRIMONIO NETO L/P OTRAS EMPRESAS;4
6965;PARA VALORES L/P EMP.GRUPO;PARA VALORES L/P EMP.GRUPO;4
6966;PARA VALORES L/P EMPR.ASOCIADA;PARA VALORES L/P EMPR.ASOCIADAS;4
6967;PARA VALOR. L/P OTRAS PARTES V;PARA VALOR. L/P OTRAS PARTES VINCULADAS;4
6968;PARA VALOR. L/P OTRAS EMP.;PARA VALOR. L/P OTRAS EMP.;4
697;PERD. DETERIORO CDTO. L/P;PERD. DETERIORO CDTO. L/P;3
6970;PERD. DETERIORO CDTO. L/P EMP.;PERD. DETERIORO CDTO. L/P EMP.GRUPO;4
6971;PERD. DETERIORO CDTO. L/P EMP.;PERD. DETERIORO CDTO. L/P EMP.ASOCIADAS;4
6972;PERD. DETERIORO CDTO. L/P OTRA;PERD. DETERIORO CDTO. L/P OTRAS PARTES;4
6973;PERD. DETERIORO CDTO. L/P OTRA;PERD. DETERIORO CDTO. L/P OTRAS EMPRESAS;4
698;PERD.DETERIORO PARTIC Y VALORE;PERD.DETERIORO PARTIC Y VALORES DEUDA C/P;3
6980;INSTRUM.PATRIMONIO NETO C/P EM;INSTRUM.PATRIMONIO NETO C/P EMP.GRUPO;4
6981;INSTRUM.PATRIMONIO NETO C/P EM;INSTRUM.PATRIMONIO NETO C/P EMP.ASO;4
6985;VALORES DEUDA C/P EMP.GRUPO;VALORES DEUDA C/P EMP.GRUPO;4
6986;VALORES DEUDA C/P EMP.ASOC.;VALORES DEUDA C/P EMP.ASOC.;4
6987;PERD.VALORES DEUDA C/P OTRAS P;PERD.VALORES DEUDA C/P OTRAS PARTES VINCUL.;4
6988;VALORES DEUDA C/P OTRAS EMPRES;VALORES DEUDA C/P OTRAS EMPRESAS;4
699;PERD.DETERIORO CDTO.C/P;PERD.DETERIORO CDTO.C/P;3
6990;PERD.DETERIORO CDTO.C/P EMP.GR;PERD.DETERIORO CDTO.C/P EMP.GRUPO;4
6991;PERD.DETERIORO CDTO.C/P EMP.AS;PERD.DETERIORO CDTO.C/P EMP.ASOC.;4
6992;PERD.DETERIORO CDTO.C/P OT.PAR;PERD.DETERIORO CDTO.C/P OT.PART.VINC;4
6993;PERD.DETERIORO CDTO.C/P OTRAS;PERD.DETERIORO CDTO.C/P OTRAS EMP.;4
7;VENTAS E INGRESOS;VENTAS E INGRESOS;1
70;VENTAS MERCADER.SERVICIOS;VENTAS MERCADER.SERVICIOS;2
700;VENTAS DE MERCADERIAS;VENTAS DE MERCADERIAS;3
7000;VENTAS DE MERCADERIAS;VENTAS DE MERCADERIAS;4
70000000;VENTAS DE MERCADERIAS;VENTAS DE MERCADERIAS;0
701;VENTAS PROD.TERMINADOS;VENTAS PROD.TERMINADOS;3
7010;VENTAS PROD.TERMINADOS;VENTAS PROD.TERMINADOS;4
70100000;VENTAS PROD.TERMINADOS;VENTAS PROD.TERMINADOS;0
702;VENTAS PROD.SEMITERMINADO;VENTAS PROD.SEMITERMINADO;3
7020;VENTAS PROD.SEMITERMINADO;VENTAS PROD.SEMITERMINADO;4
703;VENTAS SUBPROD.RESIDUOS;VENTAS SUBPROD.RESIDUOS;3
7030;VENTAS SUBPROD.RESIDUOS;VENTAS SUBPROD.RESIDUOS;4
704;VENTA ENVASES Y EMBALAJES;VENTA ENVASES Y EMBALAJES;3
7040;VENTA ENVASES Y EMBALAJES;VENTA ENVASES Y EMBALAJES;4
705;PRESTACIONES DE SERVICIOS;PRESTACIONES DE SERVICIOS;3
7050;PRESTACIONES DE SERVICIOS;PRESTACIONES DE SERVICIOS;4
70500000;PRESTACIONES DE SERVICIOS;PRESTACIONES DE SERVICIOS;0
706;DTOS.SOBRE VENTAS POR P.P;DTOS.SOBRE VENTAS POR P.P;3
7060;DTOS.S/VENTAS P.P MERCAD.;DTOS.S/VENTAS P.P MERCAD.;4
70600000;DTOS.S/VENTAS P.P MERCAD.;DTOS.S/VENTAS P.P MERCAD.;0
7061;DTOS.S/VENTA P.P P.TERMIN;DTOS.S/VENTA P.P P.TERMIN;4
7062;DTOS.S/VENTA P.P SEMITER.;DTOS.S/VENTA P.P SEMITER.;4
7063;DE SUBPROD. Y RESIDUOS;DE SUBPROD. Y RESIDUOS;4
708;DEVOLUCIONES DE VENTAS;DEVOLUCIONES DE VENTAS;3
7080;DEVOL.VENTAS MERCADERIAS;DEVOL.VENTAS MERCADERIAS;4
70800000;DEVOL.VENTAS MERCADERIAS;DEVOL.VENTAS MERCADERIAS;0
7081;DEVOL.VENTAS PROD.TERMIN.;DEVOL.VENTAS PROD.TERMIN.;4
70810000;DEVOL.VENTAS PROD.TERMIN.;DEVOL.VENTAS PROD.TERMIN.;0
7082;DEVOL.VENTAS PROD.SEMITER;DEVOL.VENTAS PROD.SEMITER;4
7083;DEVOL.VENTA SUBPRO.RESIDU;DEVOL.VENTA SUBPRO.RESIDU;4
7084;DEVOL.VENTA ENVASE-EMBALA;DEVOL.VENTA ENVASE-EMBALA;4
709;RAPPELS SOBRE VENTAS;RAPPELS SOBRE VENTAS;3
7090;RAPPELS VENTAS MERCADERIA;RAPPELS VENTAS MERCADERIA;4
70900000;RAPPELS VENTAS MERCADERIA;RAPPELS VENTAS MERCADERIA;0
7091;RAPPELS VENTA PROD.TERMIN;RAPPELS VENTA PROD.TERMIN;4
7092;RAPPELS VENTA PRO.SEMITER;RAPPELS VENTA PRO.SEMITER;4
7093;RAPPELS VENTA SUBPRO-RESI;RAPPELS VENTA SUBPRO-RESI;4
7094;RAPPELS VENTA ENVASE-EMBA;RAPPELS VENTA ENVASE-EMBA;4
71;VARIACION DE EXISTENCIAS;VARIACION DE EXISTENCIAS;2
710;VAR.EXIST.PROD.EN CURSO;VAR.EXIST.PROD.EN CURSO;3
7100;VAR.EXIST.PROD.EN CURSO;VAR.EXIST.PROD.EN CURSO;4
71000000;VAR.EXIST.PROD.EN CURSO;VAR.EXIST.PROD.EN CURSO;0
711;VAR.EXIST.PROD.SEMITERMIN;VAR.EXIST.PROD.SEMITERMIN;3
7110;VAR.EXIST.PROD.SEMITERMIN;VAR.EXIST.PROD.SEMITERMIN;4
712;VAR.EXIST.PROD.TERMINADOS;VAR.EXIST.PROD.TERMINADOS;3
7120;VAR.EXIST.PROD.TERMINADOS;VAR.EXIST.PROD.TERMINADOS;4
713;VAR.EXIST.SUBPROD.RESIDUO;VAR.EXIST.SUBPROD.RESIDUO;3
7130;VAR.EXIST.SUBPROD.RESIDUO;VAR.EXIST.SUBPROD.RESIDUO;4
73;TRABAJOS REALIZ.PARA EMPR;TRABAJOS REALIZ.PARA EMPR;2
730;TRABAJOS PARA INMOVILIZADO INT;TRABAJOS PARA INMOVILIZADO INTANGIBLE;3
7300;TRABAJOS PARA INMOVILIZADO INT;TRABAJOS PARA INMOVILIZADO INTANGIBLE;4
731;TRABAJOS PARA INMOV.MATER;TRABAJOS PARA INMOV.MATER;3
7310;TRABAJOS PARA INMOV.MATER;TRABAJOS PARA INMOV.MATER;4
732;TRABAJOS PARA INVERSIONES MOBI;TRABAJOS PARA INVERSIONES MOBILIARIAS. EN CURSO;3
733;TRABAJ.PARA INMO.MATERIAL EN C;TRABAJ.PARA INMO.MATERIAL EN CURSO;3
7330;TRABAJ.PARA INMO.MATERIAL EN C;TRABAJ.PARA INMO.MATERIAL EN CURSO;4
74;SUBVENCIONES, DONACIONES Y LEG;SUBVENCIONES, DONACIONES Y LEGADOS;2
740;SUBV.DONAC&LEGAD A EXPLOT;SUBV.DONAC&LEGAD A EXPLOT;3
7400;SUBV.DONAC&LEGAD A EXPLOT;SUBV.DONAC&LEGAD A EXPLOT;4
746;SUBV.DONAC&LEGAD TRANSFERIDOS;SUBV.DONAC&LEGAD TRANSFERIDOS AL RESULTADO EJERC.;3
747;OTRAS SUBVENCIONES;OTRAS SUBVENCIONES;3
7470;OTRAS SUBVENCIONES;OTRAS SUBVENCIONES;4
75;OTROS INGRESOS DE GESTION;OTROS INGRESOS DE GESTION;2
751;RTDO.OPERACIONES EN COMUN;RTDO.OPERACIONES EN COMUN;3
7510;PERDIDA TRANSFERIDA;PERDIDA TRANSFERIDA;4
7511;BENEFICIO ATRIBUIDO;BENEFICIO ATRIBUIDO;4
752;INGRESO DE ARRENDAMIENTOS;INGRESO DE ARRENDAMIENTOS;3
7520;INGRESO DE ARRENDAMIENTOS;INGRESO DE ARRENDAMIENTOS;4
753;INGRESO DE PRO.INDUSTRIAL;INGRESO DE PRO.INDUSTRIAL;3
7530;INGRESO DE PRO.INDUSTRIAL;INGRESO DE PRO.INDUSTRIAL;4
754;INGRESO POR COMISIONES;INGRESO POR COMISIONES;3
7540;INGRESO POR COMISIONES;INGRESO POR COMISIONES;4
755;INGRES.POR SERV.PERSONAL;INGRES.POR SERV.PERSONAL;3
7550;INGRES.POR SERV.PERSONAL;INGRES.POR SERV.PERSONAL;4
759;INGRESO DE SERV.DIVERSOS;INGRESO DE SERV.DIVERSOS;3
7590;INGRESO DE SERV.DIVERSOS;INGRESO DE SERV.DIVERSOS;4
76;INGRESOS FINANCIEROS;INGRESOS FINANCIEROS;2
760;INGRESOS PARTICIPACIONES EN IN;INGRESOS PARTICIPACIONES EN INSTRUM.CAPITAL;3
7600;DE PARTICIP. EMP.GRUPO;DE PARTICIP. EMP.GRUPO;4
7601;DE PARTICIP. EMP.ASOC.;DE PARTICIP. EMP.ASOC.;4
7602;DE PARTICIP. OTRAS PARTES VINC;DE PARTICIP. OTRAS PARTES VINCULADAS;4
7603;DE PARTICIP. OTRAS EMP.;DE PARTICIP. OTRAS EMP.;4
761;ING.VALORES DE DEUDA;ING.VALORES DE DEUDA;3
7610;ING.VAL. DEUDA EMP.GRUPO;ING.VAL. DEUDA EMP.GRUPO;4
7611;ING.VAL. DEUDA EMP.ASOCIADAS;ING.VAL. DEUDA EMP.ASOCIADAS;4
7612;ING.VAL.DEUDA OTRAS PARTES VIN;ING.VAL.DEUDA OTRAS PARTES VINCULADAS;4
7613;ING.VAL.DEUDA OTRAS EMPRESAS;ING.VAL.DEUDA OTRAS EMPRESAS;4
762;INGRESOS DE CREDITOS;INGRESOS DE CREDITOS;3
7620;DE CRDTOS.L.P.EMPR.GRUPO;DE CRDTOS.L.P.EMPR.GRUPO;4
763;Bº VALORACION INSTRUM.FINANC.;Bº VALORACION INSTRUM.FINANC. POR VALOR RAZON.;3
7630;BºCARTERA DE NEGOCIACION;BºCARTERA DE NEGOCIACION;4
7631;Bº DESIGNADOS POR LA EMPRESA;Bº DESIGNADOS POR LA EMPRESA;4
7632;Bº DISPONIBLES PARA LA VENTA;Bº DISPONIBLES PARA LA VENTA;4
7633;Bº INTRUMENTOS DE COBERTURA;Bº INTRUMENTOS DE COBERTURA;4
766;Bº PARTICIPACIONES Y VALORES D;Bº PARTICIPACIONES Y VALORES DE DEUDA;3
7660;BºVALORES DEUDA L/P EMP.GRUPO;BºVALORES DEUDA L/P EMP.GRUPO;4
7661;BºVALORES DEUDA L/P EMP.ASOC.;BºVALORES DEUDA L/P EMP.ASOC.;4
7662;BºVALORES DEUDA L/P OTRAS PART;BºVALORES DEUDA L/P OTRAS PARTES VINCULANTES;4
7663;BºPARTICIP. Y VALORES DEUDA L/;BºPARTICIP. Y VALORES DEUDA L/P OTRAS EMP.;4
7665;BºPARTICIP. Y VALORES C/P EMP.;BºPARTICIP. Y VALORES C/P EMP.GRUPO;4
7666;BºPARTICIP. Y VALORES C/P EMP.;BºPARTICIP. Y VALORES C/P EMP.ASOCIADAS;4
7667;BºVALORES C/P OTRAS PARTES VIN;BºVALORES C/P OTRAS PARTES VINCULADAS;4
7668;BºVALORES C/P OTRAS EMPRESAS;BºVALORES C/P OTRAS EMPRESAS;4
767;ING. ACTIVOS AFECTOS Y DE DºRE;ING. ACTIVOS AFECTOS Y DE DºREEMBOL. RETRIBU. L/P;3
768;DIFERENCIAS POSIT.CAMBIO;DIFERENCIAS POSIT.CAMBIO;3
7680;DIFERENCIAS POSIT.CAMBIO;DIFERENCIAS POSIT.CAMBIO;4
76800000;DIFERENCIAS POSIT.CAMBIO;DIFERENCIAS POSIT.CAMBIO;0
769;OTROS INGRESOS FINANCIERO;OTROS INGRESOS FINANCIERO;3
7690;OTROS INGRESOS FINANCIERO;OTROS INGRESOS FINANCIERO;4
76900000;OTROS INGRESOS FINANCIERO;OTROS INGRESOS FINANCIERO;0
77;Bº ACTIVOS NO CORRIENTE E INGR;Bº ACTIVOS NO CORRIENTE E INGRESOS EXCEPCIONABLES;2
770;BºDEL INMOV.INTANGIBLE;BºDEL INMOV.INTANGIBLE;3
7700;BºDEL INMOV.INTANGIBLE;BºDEL INMOV.INTANGIBLE;4
77000000;BºDEL INMOV.INTANGIBLE;BºDEL INMOV.INTANGIBLE;0
771;BºDEL INMOV.MATERIAL;BºDEL INMOV.MATERIAL;3
7710;BºDEL INMOV.MATERIAL;BºDEL INMOV.MATERIAL;4
77100000;BºDEL INMOV.MATERIAL;BºDEL INMOV.MATERIAL;0
772;Bº DE INVERSIONES INMOBILIARIA;Bº DE INVERSIONES INMOBILIARIAS;3
773;BºPARTICIPACIONES L/P EN PARTE;BºPARTICIPACIONES L/P EN PARTES VINCULADAS;3
7733;BºPARTICIPACIONES L/P EMP.GRUP;BºPARTICIPACIONES L/P EMP.GRUPO;4
7734;BºPARTICIPACIONES L/P EMP.ASOC;BºPARTICIPACIONES L/P EMP.ASOC.;4
7735;BºPARTICIPACIONES L/P OT.PART.;BºPARTICIPACIONES L/P OT.PART.VINCULADAS;4
774;DIFERENCIA NEGATIVA EN COMBINA;DIFERENCIA NEGATIVA EN COMBINACIONES DE NEGOCIO;3
775;BºDE OPERACIONES CON OBLIGACIO;BºDE OPERACIONES CON OBLIGACIONES PROPIAS;3
778;INGRESOS EXCEPCIONALES;INGRESOS EXCEPCIONALES;3
7780;INGRESOS EXCEPCIONALES;INGRESOS EXCEPCIONALES;4
77800000;INGRESOS EXCEPCIONALES;INGRESOS EXCEPCIONALES;0
79;EXCESO&APLIC.PROVISIONES Y PER;EXCESO&APLIC.PROVISIONES Y PERD. DETERIORO;2
790;REVERSION DETERIORO INMOVILIZA;REVERSION DETERIORO INMOVILIZADO INTANGIBLE;3
7900;REVERSION DETERIORO INMOVILIZA;REVERSION DETERIORO INMOVILIZADO INTANGIBLE;4
791;REVERSION DETERIORO INMOVILIZA;REVERSION DETERIORO INMOVILIZADO MATERIAL;3
7910;REVERSION DETERIORO INMOVILIZA;REVERSION DETERIORO INMOVILIZADO MATERIAL;4
792;REVERSION DETERIORO INVERSIONE;REVERSION DETERIORO INVERSIONES INMOBILIARIAS;3
7920;REVERSION DETERIORO INVERSIONE;REVERSION DETERIORO INVERSIONES INMOBILIARIAS;4
793;REVERSION DETERIORO EXISTENCIA;REVERSION DETERIORO EXISTENCIAS;3
7930;DE P.TERMINADOS Y EN CURSO DE;DE P.TERMINADOS Y EN CURSO DE FABRICACION;4
7931;DE MERCADERIAS;DE MERCADERIAS;4
7932;DE MAT.PRIMAS;DE MAT.PRIMAS;4
7933;DE OTROS APROVISIONAMIENTOS;DE OTROS APROVISIONAMIENTOS;4
794;REVERSION DETERIORO CDTO. POR;REVERSION DETERIORO CDTO. POR OPERAC.COMERCIALES;3
7940;REVERSION DETERIORO CDTO. POR;REVERSION DETERIORO CDTO. POR OPERAC.COMERCIALES;4
795;EXCESO DE PROVISIONES;EXCESO DE PROVISIONES;3
7950;DE PROVISION POR RETRIBUCIONES;DE PROVISION POR RETRIBUCIONES AL PERSONAL;4
7951;PARA IMPUESTOS;PARA IMPUESTOS;4
7952;PARA OTRAS RESPONSAB.;PARA OTRAS RESPONSAB.;4
7954;PARA OPER.COMERCIALES;PARA OPER.COMERCIALES;4
7955;PARA ACTUAC.MEDIOAMBIENT.;PARA ACTUAC.MEDIOAMBIENT.;4
7956;PARA REESTRUCTURACIONES;PARA REESTRUCTURACIONES;4
7957;POR TRANSACC.PAGOS BASADOS EN;POR TRANSACC.PAGOS BASADOS EN INSTRUM.PATRIM.;4
796;REVERSION DETERIORO PARTICIP.;REVERSION DETERIORO PARTICIP. Y VALORES DEUDA L/P;3
7960;REVERSION DETERIORO PARTICIP.;REVERSION DETERIORO PARTICIP. EN EMP.GRUPO;4
7961;REV.PARTIC.EN EMP.ASOC;REV.PARTIC.EN EMP.ASOC;4
7965;REV.VALOR DEUDA EMP.GRUPO;REV.VALOR DEUDA EMP.GRUPO;4
7966;REV.VALOR DEUDA EMP.ASOC;REV.VALOR DEUDA EMP.ASOC;4
7967;REVERSIÓN VALOR DEUDA OT.PARTE;REVERSIÓN VALOR DEUDA OT.PARTES VINCULADAS;4
7968;REVERSIÓN VALOR DEUDA OTRAS EM;REVERSIÓN VALOR DEUDA OTRAS EMPRESAS;4
797;REVERSIÓN DETERIORO CDTO. L/P;REVERSIÓN DETERIORO CDTO. L/P;3
7970;REVERSIÓN DETERIORO CDTO. L/P;REVERSIÓN DETERIORO CDTO. L/P EMP.GRUPO;4
7971;REVERSIÓN DETERIORO CDTO. L/P;REVERSIÓN DETERIORO CDTO. L/P EMP.ASOC.;4
7972;REVERSIÓN DETERIORO CDTO. L/P;REVERSIÓN DETERIORO CDTO. L/P OT.PART.VINCUL;4
7973;REVERSIÓN DETERIORO CDTO. L/P;REVERSIÓN DETERIORO CDTO. L/P OT.EMPRESAS;4
798;REVERSIÓN DETERIORO PARTIC. Y;REVERSIÓN DETERIORO PARTIC. Y VALORES DEUDA C/P;3
7980;REVERSION DETERIORO PARTIC. C/;REVERSION DETERIORO PARTIC. C/P, EMP.GRUPO;4
7981;REVERSION DETERIORO PARTIC. C/;REVERSION DETERIORO PARTIC. C/P, EN EMP.ASOC;4
7985;REVERSION DETERIORO VALORES DE;REVERSION DETERIORO VALORES DEUDA C/P EMP.GRUPO;4
7986;REVERSION DETERIORO VALORES DE;REVERSION DETERIORO VALORES DEUDA C/P EMP.ASOC.;4
7987;REVERSION DETERIORO VALORES DE;REVERSION DETERIORO VALORES DEUDA C/P OT.PART.VI;4
7988;REVERSION VALORES DEUDA C/P EN;REVERSION VALORES DEUDA C/P EN OTRAS EMP.;4
799;REVERSION DETERIORO CDTO. C/P;REVERSION DETERIORO CDTO. C/P;3
7990;EN CDTOS.DE EMP.GRUPO;EN CDTOS.DE EMP.GRUPO;4
7991;EN CDTOS.DE EMP.ASOCIADAS;EN CDTOS.DE EMP.ASOCIADAS;4
7992;EN CDTOS.DE OT.PART.VINCULADAS;EN CDTOS.DE OT.PART.VINCULADAS;4
7993;EN CDTOS.DE OTRAS EMP.;EN CDTOS.DE OTRAS EMP.;4
8;GASTOS IMPUTADOS AL PATRIMONIO;GASTOS IMPUTADOS AL PATRIMONIO NETO;1
80;GASTOS FINANC.POR VALORAC. ACT;GASTOS FINANC.POR VALORAC. ACT&PASIV;2
800;PERD.ACTIV.FINANC.DISPONIBLES;PERD.ACTIV.FINANC.DISPONIBLES PARA VENTA;3
806;TRANSF.BºACTIV.FINANC.DISPONIB;TRANSF.BºACTIV.FINANC.DISPONIBLES PARA VENTA;3
81;GASTOS EN OPERACIONES DE COBER;GASTOS EN OPERACIONES DE COBERTURA;2
810;PERDIDAS POR COBERTURA FLUJOS;PERDIDAS POR COBERTURA FLUJOS EFECTIVO;3
811;PERD.COBERTURA INVERSIONES NET;PERD.COBERTURA INVERSIONES NETAS EN EXTRANJERO;3
812;TRANF.BºCOBERT.FLUJOS DE EFECT;TRANF.BºCOBERT.FLUJOS DE EFECTIVO;3
813;TRANF.BºCOBERT.INVERSIONES NET;TRANF.BºCOBERT.INVERSIONES NETAS EXTRANJERO;3
82;GASTOS POR DIFERENCIAS DE CONV;GASTOS POR DIFERENCIAS DE CONVERSION;2
820;DIFERENCIAS DE CONVERSION NEGA;DIFERENCIAS DE CONVERSION NEGATIVAS;3
821;TRANSFERENCIAS DE DIFERENCIAS;TRANSFERENCIAS DE DIFERENCIAS CONVERSION POSITIVAS;3
83;IMPUESTO S/Bº;IMPUESTO S/Bº;2
830;IMPUESTO CORRIENTE;IMPUESTO CORRIENTE;3
8300;IMPUESTO CORRIENTE;IMPUESTO CORRIENTE;4
8301;IMPUESTO DIFERIDO;IMPUESTO DIFERIDO;4
831;IMPUESTO S/Bº;IMPUESTO S/Bº;3
833;AJUSTES NEGAT.EN LA IMPOSICION;AJUSTES NEGAT.EN LA IMPOSICION S/Bº;3
834;ING.FISCALES POR DIFERENCIAS P;ING.FISCALES POR DIFERENCIAS PERMANENTES;3
835;ING.FISCALES POR DEDUCCIONES Y;ING.FISCALES POR DEDUCCIONES Y BONIFICACIONES;3
836;TRANSFERENCIA DE DIFERENCIAS P;TRANSFERENCIA DE DIFERENCIAS PERMANENTES;3
837;TRANSF.DEDUCCIONES Y BONIFICAC;TRANSF.DEDUCCIONES Y BONIFICACIONES;3
838;AJUSTES POSITIVOS EN IMPOSICIO;AJUSTES POSITIVOS EN IMPOSICION S/Bº;3
84;TRANSFERENCIA DE SUBVENCIONES,;TRANSFERENCIA DE SUBVENCIONES, DONAC Y LEGADOS;2
840;TRANSFERENCIA DE SUBVENCIONES;TRANSFERENCIA DE SUBVENCIONES OFICIALES DE CAPITAL;3
841;TRANSFERENCIA DE DONACIONES Y;TRANSFERENCIA DE DONACIONES Y LEGADOS;3
842;TRANSF.OTRAS SUBVENCIONES, DON;TRANSF.OTRAS SUBVENCIONES, DONACIONES Y LEGADOS;3
85;PRDIDS ACTUARIAL.Y AJUS. X RET;PRDIDS ACTUARIAL.Y AJUS. X RETR.L/P PREST.DEFINIDA;2
850;PERDIDAS ACTUARIALES;PERDIDAS ACTUARIALES;3
851;AJUSTES - EN ACTIVOS POR RETRI;AJUSTES - EN ACTIVOS POR RETRIB.L/P PREST.DEFINI;3
86;GASTOS POR ACTIVOS NO CORRIENT;GASTOS POR ACTIVOS NO CORRIENTES EN VENTA;2
860;PERD.ACTIV.NO CORRIENTES Y G.E;PERD.ACTIV.NO CORRIENTES Y G.ENAJ. ELEM.PARA VENTA;3
862;TRANSF.BºACTIV.NO CORRIENTES Y;TRANSF.BºACTIV.NO CORRIENTES Y G.ENAJ.PARA VENTA;3
89;GTOS.PARTIC.CON AJUSTES VALORA;GTOS.PARTIC.CON AJUSTES VALORATIVOS +PREVIOS;2
891;DETERIORO PARTIC.EN PATRIMONIO;DETERIORO PARTIC.EN PATRIMONIO,EMP.GRUPO;3
892;DETERIORO PARTIC.EN PATRIMONIO;DETERIORO PARTIC.EN PATRIMONIO,EMP.ASOCIADAS;3
9;INGRESOS IMPUTADOS AL PATRIMON;INGRESOS IMPUTADOS AL PATRIMONIO NETO;1
90;ING.FINANC.VALORACION ACTIVOS;ING.FINANC.VALORACION ACTIVOS Y PASIVOS;2
900;BºACT.FINANCIEROS DISPONIBLES;BºACT.FINANCIEROS DISPONIBLES PARA VENTA;3
902;TRANSF.PERD.ACTIVOS FINANCIERO;TRANSF.PERD.ACTIVOS FINANCIEROS DISPON. PARA VENTA;3
91;INGRESOS EN OPERACIONES DE COB;INGRESOS EN OPERACIONES DE COBERTURA;2
910;Bº POR COBERTURAS DE FLUJOS DE;Bº POR COBERTURAS DE FLUJOS DE EFECTIVOS;3
911;BºCOBERTURA DE INVERSION NETA;BºCOBERTURA DE INVERSION NETA NEGOCIO EXTRANJERO;3
912;TRANSFERENCIA PERDIDAS POR COB;TRANSFERENCIA PERDIDAS POR COBERT. FLUJO EFECTIVO;3
913;TRANSF.PERD.POR COBERTURA INVE;TRANSF.PERD.POR COBERTURA INVERSION NETA EXTRANJ;3
92;INGRESOS POR DIFERENCIAS DE CO;INGRESOS POR DIFERENCIAS DE CONVERSION;2
920;DIFERENCIAS CONVERSION POSITIV;DIFERENCIAS CONVERSION POSITIVAS;3
921;TRANSFERENCIA DE DIFERENCIAS C;TRANSFERENCIA DE DIFERENCIAS CONVERSION NEGATIVAS;3
94;INGRESOS SUBVENCIONES, DONACIO;INGRESOS SUBVENCIONES, DONACIONES Y LEGADOS;2
940;ING.SUBVENCIONES OFICIALES DE;ING.SUBVENCIONES OFICIALES DE CAPITAL;3
941;ING.POR DONACIONES Y LEGADOS D;ING.POR DONACIONES Y LEGADOS DE CAPITAL;3
942;ING.OTRAS SUBVENCIONES, DONACI;ING.OTRAS SUBVENCIONES, DONACIONES Y LEGADOS;3
95;ING.DE GANANC .ACTUAR.Y AJUST.;ING.DE GANANC .ACTUAR.Y AJUST.ACTIVO X RETRIB.L/P;2
950;GANANCIAS ACTUARIALES;GANANCIAS ACTUARIALES;3
951;AJUSTES+EN ACTIVO POR RETRIB.L;AJUSTES+EN ACTIVO POR RETRIB.L/P DE PREST.DEFINIDA;3
96;ING.POR ACTIVOS NO CORRIENTES;ING.POR ACTIVOS NO CORRIENTES EN VENTA;2
960;BºACT.NO CORRIENTES Y G.ENAJ.E;BºACT.NO CORRIENTES Y G.ENAJ.ELEM. PARA VENTA;3
962;TRANSF.PERD.ACTIVO NO CORRIENT;TRANSF.PERD.ACTIVO NO CORRIENT Y G.ENAJ.PARA VENTA;3
99;ING.PARTIC.EMP.GRUPO/ASOC.CON;ING.PARTIC.EMP.GRUPO/ASOC.CON AJUS.VALOR NEG.PREVI;2
991;RECUPER.AJUSTES VALOR NEGATIVO;RECUPER.AJUSTES VALOR NEGATIVO PREVIO,EMP.GRUPO;3
992;RECUPER.AJUSTES VALOR NEGATIVO;RECUPER.AJUSTES VALOR NEGATIVO PREVIO,EMP.ASOC.;3
993;TRANSF.DETERIORO AJUST.VALOR N;TRANSF.DETERIORO AJUST.VALOR NEG.PREVIO,EMP.GRUP;3
994;TRANSF.DETERIORO AJUST.VALOR N;TRANSF.DETERIORO AJUST.VALOR NEG.PREVIO,EMP.ASOC;3
52080000;DEUDAS POR EFECTOS DESCONTADOS;DEUDAS POR EFECTOS DESCONTADOS;0
60900000;RAPPELS POR COMPRA MERCADERIAS;RAPPELS POR COMPRA MERCADERIAS;0
